RSM_1_0.05,T,G,2,2,0,0,2,2,0,0,2,2,0,0,2,2,0,0,2,2,2,0,0,0,0.0,0.0,2.0,2,2,0,2,0,0,2,NA,2,2.0,0,0,0,0,2,0,0,0,2,2,0,2,0,0,2,2,2,2,0,2.0,0,0,2,0,0,0,2.0,2,2.0,2,0,2,0,2,2,0,0,2,2,0,0,0.0,0,2.0,0,0,2,0,0.0,0,2,2,0,2,2,0,0,2.0,0,0.0,0,2,2,0,0.0,0,2.0,2,0,2,0,0,0.0,0,2.0,NA,2,2,2,2,2.0,0.0,0,0,2,0.0,0,2,2,0.0,0.0,0,0,2,0,0.0,0.0,0,2,2,0.0,0,2,0,0.0,0,0,2,0,0,2,2,0,2,0,2,2,2,0,0,2,0,2,0,2,2,0,0,0,0,2,0.0,2,2,2,2,2,2,0,0,2
RSM_1_0.15,A,G,2,2,0,0,2,2,0,0,2,2,0,0,2,2,0,0,2,2,2,0,0,0,0.0,0.0,2.0,2,2,0,2,0,0,2,NA,2,2.0,0,0,0,0,2,0,0,0,2,2,0,2,0,0,2,2,2,2,0,2.0,0,0,2,0,0,0,2.0,2,2.0,2,0,2,0,2,2,0,0,2,2,0,0,0.0,0,2.0,0,0,2,0,0.0,0,2,2,0,2,2,0,0,2.0,0,0.0,0,2,2,0,0.0,0,2.0,2,0,2,0,0,0.0,0,2.0,NA,2,2,2,2,2.0,0.0,0,0,2,0.0,0,2,2,0.0,0.0,0,0,2,0,0.0,0.0,0,2,2,2.0,0,2,0,0.0,0,0,2,0,0,2,2,0,2,0,2,2,2,0,0,2,0,2,0,2,2,0,0,0,0,2,0.0,2,2,2,2,2,2,0,0,2
RSM_1_0.25,T,A,2,2,0,0,2,2,0,0,2,2,0,0,2,2,0,0,2,2,2,0,0,0,0.0,0.0,2.0,2,2,0,2,0,0,2,NA,2,2.0,0,0,0,0,2,0,0,0,2,2,0,2,0,0,2,2,2,2,0,2.0,0,0,2,0,0,0,2.0,2,2.0,2,0,2,0,2,2,0,0,2,2,0,0,0.0,0,2.0,0,0,2,0,0.0,0,2,2,0,2,2,0,0,2.0,0,0.0,0,2,2,0,0.0,0,2.0,2,0,2,0,0,0.0,0,2.0,NA,0,2,2,2,2.0,0.0,0,0,2,0.0,0,2,2,0.0,0.0,0,0,2,0,0.0,0.0,0,2,2,2.0,0,2,0,0.0,0,0,2,0,0,2,2,0,2,0,2,2,2,0,0,2,0,2,0,2,2,0,0,0,0,2,0.0,2,2,2,2,2,2,0,0,2
RSM_1_0.35,C,T,2,2,0,0,2,2,0,0,2,2,0,0,2,2,0,0,2,2,2,0,0,0,0.0,0.0,0.0,2,2,0,2,0,0,2,NA,2,2.0,0,0,0,0,2,0,0,0,2,2,0,2,0,0,2,2,2,2,0,2.0,0,0,2,0,0,0,2.0,2,2.0,2,0,2,0,2,2,0,0,2,2,0,0,0.0,0,2.0,0,0,2,0,0.0,0,2,2,0,2,2,0,0,2.0,0,0.0,0,2,2,0,0.0,0,2.0,2,0,2,0,0,0.0,0,NA,NA,0,2,2,2,2.0,0.0,0,0,2,0.0,0,2,2,0.0,0.0,0,0,2,0,0.0,0.0,0,2,2,2.0,0,2,0,0.0,0,0,2,0,0,2,2,0,2,0,2,2,2,0,0,2,0,2,0,2,2,0,0,2,0,2,0.0,2,2,2,2,2,2,0,0,2
RSM_1_0.45,C,T,2,2,0,0,2,2,0,0,2,2,0,0,2,2,0,0,2,2,2,0,0,0,0.0,0.0,0.0,2,2,0,2,0,0,2,NA,2,2.0,0,0,0,0,2,0,0,0,2,2,0,2,0,0,2,2,2,2,0,2.0,0,0,2,0,0,0,2.0,2,2.0,2,0,2,0,2,2,0,0,2,2,0,0,0.0,0,2.0,0,0,2,0,0.0,0,2,2,0,2,2,0,0,2.0,0,0.0,0,2,2,0,0.0,0,2.0,2,0,2,0,0,0.0,0,NA,NA,0,2,2,2,2.0,0.0,0,0,2,0.0,0,2,2,0.0,0.0,0,0,2,0,0.0,0.0,0,2,2,2.0,0,2,0,0.0,0,0,2,0,0,2,2,0,2,0,2,2,2,0,0,2,2,2,0,2,2,0,0,2,0,2,0.0,2,2,0,2,2,2,0,0,2
RSM_1_0.55,C,T,2,2,0,0,2,2,0,0,2,2,0,0,2,2,0,0,2,2,2,0,0,0,0.0,0.0,0.0,2,2,0,2,0,0,2,NA,2,2.0,0,0,0,0,2,0,0,0,2,2,0,2,0,0,2,2,2,2,0,2.0,0,2,2,0,0,0,2.0,2,2.0,2,0,2,0,2,2,0,0,2,2,0,0,0.0,0,2.0,0,0,2,0,0.0,0,2,2,0,2,2,0,0,2.0,0,0.0,0,2,2,0,0.0,0,2.0,2,0,2,0,0,0.0,0,NA,NA,0,2,2,2,2.0,0.0,0,0,2,0.0,0,2,2,0.0,0.0,0,0,2,0,0.0,0.0,0,2,2,2.0,0,2,0,0.0,0,0,2,0,0,2,2,0,2,0,2,2,2,0,0,2,2,2,0,2,2,0,0,2,0,2,0.0,2,2,0,2,2,2,0,0,2
RSM_1_0.65,A,G,2,2,0,0,2,2,0,0,2,2,0,0,2,2,0,0,2,2,2,0,0,0,0.0,0.0,0.0,2,2,0,2,0,0,2,NA,2,2.0,0,0,0,0,2,0,0,0,2,2,0,2,0,0,2,2,2,2,0,2.0,0,2,2,0,0,0,2.0,2,2.0,2,0,2,2,2,2,0,0,2,2,0,0,0.0,0,2.0,0,0,2,0,0.0,0,2,2,0,2,2,0,0,2.0,0,0.0,0,2,2,0,0.0,0,2.0,2,0,2,0,0,0.0,0,NA,NA,0,2,2,2,2.0,0.0,0,0,2,0.0,0,2,2,0.0,0.0,0,0,2,0,0.0,0.0,0,2,2,2.0,0,2,0,0.0,0,0,2,0,0,2,2,0,2,0,2,2,2,0,0,2,2,2,0,2,2,0,0,2,0,2,0.0,2,2,0,2,2,2,0,0,2
RSM_1_0.75,T,A,2,2,0,0,2,2,0,0,2,2,0,0,2,2,0,0,2,2,2,0,0,0,0.0,0.0,0.0,2,2,0,2,0,0,2,NA,2,2.0,0,0,0,0,2,0,0,0,2,2,0,2,0,0,2,2,2,2,0,2.0,0,2,2,0,0,0,2.0,2,2.0,2,0,2,2,2,2,0,0,2,2,0,0,0.0,0,2.0,0,0,2,0,0.0,2,2,2,0,2,2,0,0,2.0,0,0.0,0,2,2,0,0.0,0,2.0,2,0,2,0,0,0.0,0,NA,NA,0,2,2,2,2.0,0.0,0,0,2,0.0,0,2,2,0.0,0.0,0,0,2,0,0.0,0.0,0,2,2,2.0,0,2,0,0.0,0,0,2,0,0,2,2,0,2,0,2,2,2,0,0,2,2,2,0,2,2,0,0,2,0,2,0.0,2,2,0,2,2,2,0,0,2
RSM_1_0.85,T,G,2,2,0,0,2,2,0,0,2,2,0,0,2,2,0,0,2,2,2,0,0,0,0.0,0.0,0.0,2,2,0,2,0,0,2,NA,2,2.0,0,0,0,0,2,0,0,0,2,2,0,2,0,0,2,2,2,2,0,2.0,0,2,2,0,0,0,2.0,2,2.0,2,0,2,2,2,2,0,0,2,2,0,0,0.0,0,2.0,0,0,2,0,0.0,2,2,2,0,2,2,0,0,2.0,0,0.0,0,2,2,0,0.0,0,2.0,2,0,2,0,0,0.0,0,NA,NA,0,2,2,2,2.0,0.0,0,0,2,NA,0,2,2,0.0,0.0,0,0,2,0,0.0,0.0,0,2,2,2.0,0,2,0,0.0,0,0,2,0,0,2,2,0,2,0,2,2,2,0,0,2,2,2,0,2,2,0,0,2,0,2,0.0,2,2,0,2,2,2,0,0,2
RSM_1_0.95,A,G,2,2,0,0,2,2,0,0,2,2,0,0,2,2,0,0,2,2,2,0,0,0,0.0,0.0,0.0,2,2,0,2,0,0,2,2.0,2,2.0,0,0,0,0,2,0,0,0,2,2,0,2,0,0,2,2,2,2,0,2.0,0,2,2,0,0,0,2.0,2,2.0,2,0,2,2,2,2,0,0,2,2,0,0,0.0,0,2.0,0,0,2,0,0.0,2,2,2,0,2,2,0,0,2.0,0,0.0,0,2,2,0,0.0,0,2.0,2,0,2,0,0,0.0,0,NA,NA,0,2,2,2,2.0,0.0,0,0,2,NA,0,2,2,0.0,0.0,0,0,2,0,0.0,0.0,0,2,2,2.0,0,2,0,0.0,0,0,2,0,0,2,0,0,2,0,2,2,2,0,0,2,2,2,0,2,2,0,0,2,0,2,0.0,2,2,0,2,2,2,0,0,2
RSM_1_1.05,G,A,2,2,0,0,2,2,0,0,2,2,0,0,2,2,0,0,2,2,2,0,0,0,0.0,0.0,0.0,2,2,0,2,0,0,2,2.0,2,2.0,0,0,0,0,2,0,0,0,2,2,0,2,0,0,2,2,2,2,0,2.0,0,2,2,0,0,0,2.0,2,2.0,2,0,2,2,2,2,0,0,2,2,0,0,0.0,0,2.0,0,0,2,0,NA,2,2,2,0,2,2,0,0,2.0,0,0.0,0,2,2,0,0.0,0,2.0,2,0,2,0,0,0.0,0,NA,NA,0,2,2,2,2.0,0.0,0,0,2,NA,0,2,2,0.0,0.0,0,0,2,0,0.0,0.0,0,2,2,2.0,0,2,0,0.0,0,0,2,0,0,2,0,0,2,0,2,2,2,0,0,2,2,2,0,2,2,0,0,2,0,2,0.0,2,2,0,2,2,2,0,0,2
RSM_1_1.15,A,T,2,2,0,0,2,2,0,0,2,2,0,0,2,2,0,0,2,2,2,0,0,0,0.0,0.0,0.0,2,2,0,2,0,0,2,2.0,2,2.0,0,0,0,2,2,0,0,0,2,2,0,2,0,0,2,2,2,2,0,2.0,0,2,2,0,0,0,2.0,2,2.0,2,0,2,2,2,2,0,0,2,2,0,0,0.0,0,2.0,0,0,2,0,NA,2,2,2,0,2,2,0,0,2.0,0,0.0,0,2,2,0,0.0,0,NA,2,0,2,0,0,0.0,0,NA,NA,0,2,2,2,2.0,0.0,0,0,2,NA,0,2,2,0.0,0.0,0,0,2,0,0.0,0.0,0,2,2,2.0,0,2,0,0.0,0,0,2,0,0,2,0,0,2,0,2,2,2,0,0,2,2,2,0,2,2,0,0,2,0,2,0.0,2,2,0,2,2,2,0,0,2
RSM_1_1.25,T,C,2,2,0,0,2,2,0,0,2,2,0,0,2,2,0,0,2,2,2,0,0,0,0.0,0.0,0.0,2,2,0,2,0,0,2,2.0,2,2.0,0,0,0,2,2,0,0,0,2,2,0,2,0,0,2,2,2,2,0,2.0,0,2,2,0,0,0,0.0,2,2.0,2,0,2,2,2,2,0,0,2,2,0,0,0.0,0,2.0,0,0,2,0,NA,2,2,2,0,2,2,0,0,2.0,0,0.0,0,2,2,0,0.0,0,NA,2,0,2,0,0,0.0,0,NA,NA,0,2,2,2,2.0,0.0,0,0,2,NA,0,2,2,0.0,0.0,0,0,2,0,0.0,0.0,0,2,2,2.0,0,2,0,0.0,0,0,2,0,0,2,0,0,2,0,2,2,2,0,0,2,2,2,0,2,2,0,0,2,0,2,0.0,2,2,0,2,2,2,0,0,2
RSM_1_1.35,T,C,2,2,0,0,2,2,0,0,2,2,0,0,2,2,0,0,2,2,2,0,0,0,0.0,0.0,0.0,2,2,0,2,0,0,2,2.0,2,2.0,0,0,0,2,2,0,0,0,2,2,0,2,0,0,2,2,2,2,0,2.0,0,2,2,0,0,0,0.0,2,2.0,2,2,2,2,2,2,0,0,2,2,0,0,0.0,0,2.0,0,0,2,0,NA,2,2,2,0,2,2,0,0,2.0,0,0.0,0,2,2,0,0.0,0,NA,2,0,2,0,0,0.0,0,NA,NA,0,2,2,2,2.0,0.0,0,0,2,NA,0,2,2,0.0,0.0,0,0,2,0,0.0,0.0,0,2,2,2.0,0,2,0,0.0,0,0,2,0,0,2,0,0,2,0,2,2,2,0,0,2,2,2,0,2,2,0,0,2,0,2,0.0,2,2,0,2,0,2,0,0,2
RSM_1_1.45,A,G,2,2,0,0,2,2,0,0,2,2,0,0,2,2,0,0,2,2,2,0,0,0,0.0,0.0,0.0,2,2,0,2,0,0,2,2.0,2,2.0,0,0,0,2,2,0,0,0,2,2,0,2,0,0,2,2,2,2,0,2.0,0,2,2,0,0,0,0.0,2,2.0,2,2,2,2,2,2,0,0,2,2,2,0,0.0,0,2.0,0,0,2,0,NA,2,2,2,0,2,2,0,0,2.0,0,0.0,0,2,2,0,0.0,0,NA,2,0,2,0,0,0.0,0,NA,NA,0,2,2,2,2.0,0.0,0,0,2,NA,0,2,2,0.0,0.0,0,0,2,0,0.0,0.0,0,2,2,2.0,0,2,0,0.0,0,0,2,0,0,2,0,0,2,0,2,2,2,0,0,2,2,2,0,2,2,0,0,2,0,2,0.0,2,2,0,2,0,2,0,0,2
RSM_1_1.55,T,A,2,2,0,0,2,2,0,0,2,2,0,0,2,2,0,0,2,2,2,0,0,0,0.0,0.0,0.0,2,2,0,2,0,2,2,2.0,2,0.0,0,0,0,2,2,0,0,0,2,2,0,2,0,0,2,2,2,2,0,NA,0,2,2,0,0,0,0.0,2,2.0,2,2,2,2,2,2,0,0,0,2,2,0,0.0,0,2.0,0,0,2,0,NA,2,2,2,0,2,2,0,0,2.0,0,NA,0,2,2,2,0.0,0,NA,2,0,2,0,0,0.0,0,NA,NA,0,2,2,2,2.0,0.0,0,0,2,NA,0,2,2,0.0,0.0,0,0,2,0,0.0,0.0,0,2,0,2.0,0,2,0,0.0,0,0,2,0,0,2,2,0,2,0,2,2,2,0,0,2,2,2,0,2,2,0,0,2,0,2,0.0,2,2,0,2,0,2,0,0,2
RSM_1_1.65,A,G,2,2,0,0,2,2,0,0,2,2,0,0,2,2,0,0,2,2,2,0,0,0,0.0,0.0,0.0,2,2,0,2,0,2,2,2.0,2,0.0,0,0,0,2,2,0,0,0,2,2,0,2,0,0,2,2,2,2,0,NA,0,2,2,0,0,0,0.0,2,2.0,2,2,2,2,2,2,0,0,0,2,2,0,0.0,0,2.0,0,0,2,0,NA,2,2,2,0,2,2,0,0,2.0,0,NA,0,2,2,2,0.0,0,NA,2,0,2,0,0,0.0,0,NA,NA,0,2,0,2,2.0,0.0,0,0,2,0.0,0,2,2,0.0,0.0,0,0,2,0,0.0,0.0,0,2,0,2.0,0,2,0,0.0,0,0,2,0,0,2,2,0,2,0,2,2,2,0,0,2,2,2,0,2,2,0,0,2,0,2,0.0,2,2,0,2,0,2,0,0,2
RSM_1_1.75,C,A,2,2,0,0,2,2,0,0,2,2,0,0,2,2,0,0,2,2,0,0,0,0,0.0,0.0,0.0,2,2,0,2,0,2,2,2.0,2,0.0,0,0,0,2,2,0,0,0,2,2,0,2,0,0,2,2,2,2,0,NA,0,2,2,0,0,0,0.0,2,2.0,2,2,2,2,2,2,0,0,0,2,2,0,0.0,0,2.0,0,0,2,0,NA,2,2,2,0,2,2,0,0,2.0,0,NA,0,2,2,2,0.0,0,NA,2,0,2,0,0,0.0,0,NA,NA,0,2,0,2,2.0,0.0,0,0,2,0.0,0,2,2,0.0,0.0,0,0,2,0,0.0,0.0,0,2,0,2.0,0,2,0,0.0,0,0,2,0,0,2,2,0,2,0,2,2,2,0,0,2,2,2,0,2,2,0,0,2,0,2,0.0,2,2,0,2,0,2,0,0,2
RSM_1_1.85,G,T,2,2,0,0,2,2,0,0,2,2,0,0,2,2,0,0,2,2,0,0,0,0,0.0,0.0,0.0,2,2,0,2,0,2,2,2.0,2,0.0,0,0,0,2,2,0,0,0,2,2,0,2,0,0,2,2,2,2,0,NA,0,2,2,0,0,0,0.0,2,2.0,2,2,2,2,2,2,0,0,0,2,2,0,0.0,0,0.0,0,0,2,0,2.0,2,2,2,0,2,2,0,0,2.0,0,NA,0,2,2,2,0.0,0,NA,2,0,2,0,0,0.0,0,NA,NA,0,2,0,2,2.0,0.0,0,0,2,0.0,0,2,2,0.0,0.0,0,2,2,0,0.0,0.0,0,2,0,2.0,0,2,0,0.0,0,0,0,0,0,2,2,0,2,0,2,2,2,0,0,2,2,2,0,2,2,0,0,2,0,2,0.0,2,2,0,2,0,2,0,0,2
RSM_1_1.95,T,A,2,2,0,0,2,2,0,0,2,2,0,0,2,2,0,0,2,2,0,0,0,0,0.0,0.0,0.0,2,2,0,2,0,2,2,2.0,2,0.0,0,0,0,2,2,0,0,0,2,2,0,2,0,0,2,2,2,2,0,NA,0,2,2,0,0,0,0.0,2,2.0,2,2,2,2,2,2,0,0,0,2,2,0,0.0,0,0.0,0,0,2,0,2.0,2,2,2,0,2,2,0,0,2.0,0,NA,0,2,2,2,0.0,0,NA,2,0,2,0,0,0.0,0,NA,NA,0,2,0,2,2.0,0.0,0,0,2,0.0,0,2,2,0.0,0.0,0,2,2,0,0.0,0.0,0,2,0,2.0,0,2,0,0.0,0,0,0,0,0,2,2,0,2,0,2,2,2,0,0,2,2,2,0,2,2,0,0,2,0,2,0.0,2,2,0,2,0,2,0,0,2
RSM_1_2.05,T,G,2,2,0,0,2,2,0,0,2,2,0,0,2,2,0,0,2,2,0,0,0,0,0.0,0.0,0.0,2,2,0,2,0,2,2,2.0,2,0.0,0,0,0,2,2,0,0,0,2,2,0,2,0,0,2,2,2,2,0,NA,0,2,2,0,0,0,0.0,2,2.0,2,2,2,2,2,2,0,0,0,2,2,0,0.0,0,0.0,0,0,2,0,2.0,2,2,2,0,2,2,0,0,2.0,0,NA,0,2,2,2,0.0,0,NA,2,0,2,0,0,0.0,0,NA,NA,0,2,0,2,2.0,0.0,0,0,2,0.0,0,2,2,0.0,0.0,0,2,2,0,0.0,0.0,0,2,0,2.0,0,2,0,0.0,0,0,0,0,0,2,2,0,2,0,2,2,2,0,0,2,2,2,0,2,2,0,0,2,0,2,0.0,2,2,0,2,0,2,0,0,2
RSM_1_2.15,T,T,2,2,0,0,2,2,0,0,2,2,0,0,2,2,0,0,2,2,0,0,0,0,0.0,0.0,0.0,2,2,0,2,0,2,2,2.0,2,0.0,0,0,0,2,2,0,0,0,2,2,0,2,0,0,2,2,2,2,0,NA,0,2,2,0,0,0,0.0,2,2.0,2,2,2,2,2,2,0,0,0,2,2,0,0.0,0,0.0,0,0,2,0,2.0,2,2,2,0,2,2,0,0,2.0,0,NA,0,2,2,2,0.0,0,NA,2,0,2,0,0,0.0,0,NA,NA,0,2,0,2,2.0,0.0,0,0,2,0.0,0,2,2,0.0,0.0,0,2,2,0,0.0,0.0,0,2,0,2.0,0,2,0,0.0,0,0,0,0,0,2,2,0,2,0,2,2,2,0,0,2,2,2,0,2,2,0,0,2,0,2,0.0,2,2,0,2,0,2,0,0,2
RSM_1_2.25,T,T,2,2,0,0,2,2,0,0,2,2,0,0,2,2,0,0,2,2,0,0,0,0,0.0,0.0,0.0,2,2,0,2,0,2,2,2.0,2,0.0,0,0,0,2,2,0,0,0,2,2,2,2,0,0,2,2,2,2,0,NA,0,2,2,0,0,0,0.0,2,2.0,2,2,2,2,0,2,0,0,0,2,2,0,0.0,0,0.0,0,0,2,0,2.0,2,2,2,0,2,2,0,0,2.0,0,NA,0,2,2,2,0.0,0,NA,2,0,2,0,0,0.0,0,NA,NA,0,2,0,2,2.0,0.0,0,0,2,2.0,0,2,2,0.0,0.0,0,2,2,0,0.0,0.0,0,2,0,2.0,0,2,0,0.0,0,0,0,0,0,2,2,0,2,0,2,2,2,0,0,2,2,2,0,2,2,0,0,2,0,2,0.0,2,2,0,2,0,2,0,0,2
RSM_1_2.35,T,G,2,2,0,0,2,2,0,0,2,2,0,0,2,2,0,0,2,2,0,0,0,0,0.0,0.0,0.0,2,2,0,2,0,2,2,2.0,2,0.0,0,0,0,2,2,0,0,0,2,2,2,2,0,0,2,2,2,2,0,NA,0,2,2,0,0,0,0.0,2,2.0,2,2,2,2,0,2,0,0,0,2,2,0,0.0,0,0.0,0,0,2,0,2.0,2,2,2,0,2,2,0,0,2.0,0,NA,0,2,2,2,0.0,0,NA,2,0,2,0,0,0.0,0,NA,NA,2,2,0,2,2.0,0.0,0,0,2,2.0,0,2,2,0.0,0.0,0,2,2,0,0.0,0.0,0,2,0,2.0,0,2,0,0.0,0,0,0,0,0,2,2,0,2,0,2,2,2,0,0,2,2,2,0,2,2,0,0,2,0,2,0.0,2,2,0,2,0,2,0,0,2
RSM_1_2.45,A,T,2,2,0,0,2,2,0,0,2,2,0,0,2,2,0,0,2,2,0,0,0,0,0.0,0.0,0.0,2,2,0,2,0,2,2,2.0,2,0.0,0,0,0,2,2,0,0,0,2,2,2,2,0,0,2,2,2,2,0,NA,0,2,2,0,0,0,0.0,2,2.0,2,2,2,2,0,2,0,0,0,2,2,0,0.0,0,0.0,0,0,2,0,2.0,2,2,2,0,2,2,0,0,2.0,0,NA,0,2,2,2,0.0,0,NA,2,0,2,0,0,0.0,0,NA,NA,2,2,0,2,2.0,0.0,0,0,2,2.0,0,2,2,0.0,0.0,0,2,2,0,0.0,0.0,0,2,0,2.0,0,2,0,0.0,0,0,0,0,0,2,2,0,2,0,2,2,2,0,0,2,2,2,0,2,2,0,0,2,0,2,0.0,0,2,0,2,0,2,0,0,2
RSM_1_2.55,G,A,2,2,0,0,2,2,0,0,2,2,0,0,2,2,0,0,2,2,0,0,0,0,0.0,0.0,0.0,2,2,0,2,0,2,2,0.0,2,0.0,0,0,0,2,2,0,0,0,2,2,2,2,0,0,2,2,2,2,0,NA,0,2,2,0,0,0,0.0,2,2.0,2,2,2,2,0,2,0,0,0,2,2,0,0.0,0,0.0,0,0,2,0,2.0,2,2,2,0,2,2,0,0,2.0,0,NA,0,2,2,2,0.0,0,NA,2,0,2,0,0,0.0,0,NA,NA,2,2,0,2,2.0,0.0,0,0,2,2.0,0,2,2,0.0,0.0,0,2,2,0,0.0,0.0,0,2,0,2.0,0,2,0,0.0,0,0,0,0,0,2,2,0,2,0,2,2,2,0,0,2,2,2,0,2,2,0,0,2,0,2,0.0,0,2,0,2,0,2,0,0,2
RSM_1_2.65,A,T,2,2,0,0,2,2,0,0,2,2,0,0,2,2,0,0,2,2,0,0,0,0,0.0,0.0,0.0,2,2,0,2,0,2,2,0.0,2,0.0,0,0,0,2,2,0,0,0,2,2,2,2,0,0,2,2,2,2,0,NA,0,2,2,0,0,0,0.0,2,2.0,2,2,2,2,0,2,0,0,0,2,2,2,0.0,0,0.0,0,0,2,0,2.0,2,2,2,0,2,2,0,0,2.0,0,NA,0,2,2,2,0.0,0,NA,2,0,2,0,0,0.0,0,NA,NA,2,2,0,2,2.0,0.0,0,0,2,2.0,0,2,2,0.0,0.0,0,2,2,0,0.0,0.0,0,2,0,2.0,0,2,0,0.0,0,0,0,0,0,2,2,0,2,0,2,2,2,0,0,2,2,2,0,2,2,0,0,2,0,2,0.0,0,2,0,2,0,2,0,0,2
RSM_1_2.75,T,A,2,2,0,0,2,2,0,0,2,2,0,0,2,2,0,0,2,2,0,0,0,0,0.0,0.0,NA,2,2,0,2,0,2,2,0.0,2,0.0,0,0,0,2,2,0,0,0,2,2,2,2,0,0,2,2,2,2,0,NA,0,2,2,0,0,0,0.0,2,2.0,2,2,2,2,0,2,0,0,0,2,2,2,0.0,0,0.0,0,0,2,0,2.0,2,2,2,0,2,2,0,0,2.0,0,NA,0,2,2,2,0.0,0,NA,2,0,2,0,0,0.0,0,NA,NA,2,2,0,2,2.0,0.0,0,0,2,2.0,0,2,2,0.0,0.0,0,2,2,0,0.0,0.0,0,2,0,2.0,0,2,0,0.0,0,0,0,0,0,2,2,0,2,0,2,2,2,0,0,2,2,2,0,2,2,0,0,2,0,2,0.0,0,2,0,2,0,2,0,0,2
RSM_1_2.85,A,C,2,2,0,0,2,2,0,0,2,2,0,0,2,2,0,0,2,2,0,0,0,0,0.0,0.0,NA,2,2,0,2,0,2,2,0.0,2,0.0,0,2,0,2,2,0,0,0,2,2,2,2,0,0,2,2,2,2,0,NA,0,2,2,0,0,0,0.0,2,2.0,2,2,2,2,0,2,0,0,0,2,2,2,0.0,0,0.0,0,0,2,0,2.0,2,2,2,0,2,2,0,0,2.0,0,NA,0,2,2,2,0.0,0,NA,2,0,2,0,0,0.0,0,NA,NA,2,2,0,2,2.0,0.0,0,0,2,2.0,0,2,2,0.0,0.0,0,2,2,0,0.0,0.0,0,2,0,2.0,0,2,0,0.0,0,0,0,0,0,2,2,0,2,0,2,2,2,0,0,2,2,2,0,2,2,0,0,2,0,2,0.0,0,2,0,2,0,2,0,0,2
RSM_1_2.95,G,A,2,2,0,0,2,2,0,0,2,2,0,0,2,2,0,0,2,2,0,0,0,0,0.0,0.0,NA,2,2,0,2,0,2,2,0.0,2,0.0,0,2,0,2,2,0,0,0,2,2,2,2,0,0,2,2,2,2,0,NA,2,2,2,0,0,0,0.0,2,2.0,2,2,2,2,0,2,0,0,0,2,2,2,0.0,0,0.0,0,0,2,0,2.0,2,2,2,0,2,2,0,0,2.0,0,NA,0,2,2,2,0.0,0,NA,2,0,2,0,0,0.0,0,NA,NA,2,2,0,2,2.0,0.0,0,0,2,2.0,0,2,2,0.0,0.0,0,2,2,0,0.0,0.0,0,2,0,2.0,0,2,0,0.0,0,0,0,0,0,0,2,0,2,0,2,2,2,0,0,2,2,2,0,2,2,0,0,2,0,2,0.0,0,2,0,2,0,2,0,0,2
RSM_1_3.05,T,C,2,2,0,0,2,2,0,0,2,2,0,0,2,2,0,0,2,2,0,0,0,0,0.0,0.0,NA,2,2,0,2,0,2,2,0.0,2,0.0,0,2,0,2,2,0,0,0,2,2,2,2,0,0,0,2,2,2,0,NA,2,2,2,0,0,0,0.0,2,2.0,2,2,2,2,0,2,0,0,0,2,2,2,0.0,0,0.0,0,0,2,0,2.0,2,2,2,0,2,2,0,0,2.0,0,NA,0,2,2,2,0.0,0,NA,2,0,2,0,0,0.0,0,NA,NA,2,2,0,2,2.0,0.0,0,0,2,2.0,0,2,2,0.0,0.0,0,2,2,0,0.0,0.0,0,2,0,2.0,0,2,0,0.0,0,0,0,0,0,0,2,0,2,0,2,2,2,0,0,2,2,2,0,2,2,2,0,2,0,2,0.0,0,2,0,2,0,2,0,0,2
RSM_1_3.15,A,T,2,2,0,0,2,2,0,0,2,2,0,0,2,2,0,0,2,2,0,0,0,0,0.0,0.0,NA,2,2,0,2,0,2,2,0.0,2,0.0,0,2,0,2,2,0,0,0,2,2,2,2,0,0,0,2,2,2,0,NA,2,2,2,0,0,0,0.0,2,2.0,2,2,2,2,0,2,0,0,0,2,2,2,0.0,0,0.0,0,0,2,0,2.0,2,2,2,0,2,2,0,0,2.0,0,NA,0,2,2,2,0.0,0,NA,0,0,2,0,0,0.0,0,NA,NA,2,2,0,2,2.0,0.0,0,0,2,2.0,0,2,2,0.0,0.0,0,2,2,0,0.0,0.0,0,2,0,2.0,0,2,0,0.0,0,0,0,0,0,0,2,0,2,0,2,2,2,0,0,2,2,2,0,2,2,2,0,2,0,2,0.0,0,2,0,2,0,2,0,0,2
RSM_1_3.25,A,G,2,2,0,0,2,2,0,0,2,2,0,0,2,2,0,0,2,2,0,0,0,0,0.0,0.0,NA,2,2,0,2,0,2,2,2.0,2,0.0,0,2,0,2,2,0,0,0,2,2,2,2,0,0,0,2,2,2,0,NA,2,2,2,0,0,0,0.0,2,2.0,2,2,2,2,0,2,0,0,0,2,2,2,NA,0,0.0,0,0,2,0,2.0,2,2,2,0,2,2,0,0,2.0,0,NA,0,2,2,2,0.0,0,NA,0,0,2,0,0,0.0,0,NA,NA,2,2,0,2,2.0,0.0,0,0,2,2.0,0,2,2,0.0,0.0,0,2,2,0,0.0,0.0,0,2,0,2.0,0,2,0,0.0,0,0,0,0,0,0,2,0,2,0,2,2,2,0,0,2,2,2,0,2,2,2,0,2,0,2,0.0,0,2,0,2,0,2,0,0,2
RSM_1_3.35,A,G,2,2,0,0,2,2,0,0,2,2,0,0,2,2,0,0,2,2,0,0,0,0,0.0,0.0,NA,2,2,0,2,0,2,2,2.0,2,0.0,0,2,0,2,2,0,0,0,2,2,2,2,0,0,0,2,2,2,0,NA,2,2,2,0,0,0,0.0,2,2.0,2,2,2,2,0,2,0,0,0,2,2,2,NA,0,0.0,0,0,2,0,2.0,2,2,2,0,2,2,0,0,2.0,0,NA,0,2,2,2,0.0,0,NA,0,0,2,0,0,0.0,0,NA,NA,2,2,0,2,2.0,0.0,0,0,2,2.0,0,2,2,0.0,0.0,0,2,2,0,0.0,0.0,0,2,0,2.0,0,2,0,0.0,0,0,0,0,0,0,2,0,2,0,2,2,2,0,0,2,2,2,0,2,2,2,0,2,0,2,0.0,0,2,0,2,0,2,0,0,2
RSM_1_3.45,G,T,2,2,0,0,2,2,0,0,2,2,0,0,2,2,0,0,2,2,0,0,0,0,0.0,0.0,NA,2,2,0,2,0,2,2,2.0,2,0.0,0,2,0,2,2,0,0,0,2,2,2,2,0,0,0,2,2,2,0,NA,2,2,2,0,0,0,0.0,2,2.0,2,2,2,2,0,2,0,0,0,2,2,2,NA,0,0.0,0,0,2,0,2.0,2,2,2,0,2,2,0,0,2.0,0,NA,0,2,2,2,0.0,0,NA,0,0,2,0,0,0.0,0,NA,NA,2,2,0,2,2.0,0.0,0,0,2,2.0,0,2,2,0.0,0.0,0,2,2,0,0.0,0.0,0,2,0,2.0,0,2,0,0.0,0,0,0,0,0,0,2,0,2,0,2,2,2,0,0,2,2,2,2,2,2,2,0,2,0,2,0.0,0,2,0,2,0,2,0,0,2
RSM_1_3.55,A,G,2,2,0,0,2,2,0,0,2,2,0,0,2,2,0,0,2,2,0,0,0,0,0.0,0.0,NA,2,2,0,2,0,2,2,2.0,2,0.0,0,2,0,2,2,0,0,0,2,2,2,2,0,0,0,2,2,2,0,NA,2,2,2,0,0,0,0.0,2,2.0,2,2,2,2,0,2,0,0,0,2,2,2,NA,0,0.0,0,0,2,0,2.0,2,2,2,0,2,2,0,0,2.0,0,NA,0,2,2,2,0.0,0,NA,0,0,2,0,0,0.0,0,NA,NA,2,2,0,2,2.0,0.0,0,0,2,2.0,0,2,2,0.0,0.0,0,2,2,0,0.0,0.0,0,2,0,2.0,0,2,0,0.0,0,0,0,0,0,0,2,0,2,0,2,2,2,0,0,2,2,2,2,2,2,2,0,2,0,2,0.0,0,2,0,2,0,2,0,0,2
RSM_1_3.65,A,T,2,2,0,0,2,2,0,0,2,2,0,0,2,2,0,0,2,2,0,0,0,0,0.0,0.0,NA,2,2,0,2,0,2,2,2.0,2,0.0,0,2,0,2,2,0,0,0,2,2,2,2,0,0,0,2,2,2,0,NA,2,2,2,0,0,0,0.0,2,2.0,0,2,2,2,0,2,0,0,0,2,2,2,NA,0,0.0,0,0,2,0,2.0,2,2,2,0,2,2,0,0,2.0,0,NA,0,2,2,2,0.0,0,NA,0,0,2,0,0,0.0,0,NA,NA,2,2,0,2,2.0,0.0,0,0,2,2.0,0,2,2,0.0,0.0,0,2,2,0,0.0,0.0,0,2,0,2.0,0,0,0,0.0,0,0,0,0,0,0,2,0,2,0,2,2,2,0,0,2,2,2,2,2,2,2,0,2,0,2,0.0,0,2,0,2,0,2,0,0,2
RSM_1_3.75,C,T,2,2,0,0,2,2,0,0,2,2,0,0,2,2,0,0,2,2,0,0,0,0,0.0,0.0,NA,2,2,0,2,0,2,2,2.0,2,0.0,0,2,0,2,2,0,0,0,2,2,2,2,0,0,2,2,2,2,0,NA,2,2,2,0,0,0,0.0,2,2.0,0,2,2,2,0,2,0,0,0,2,2,2,NA,0,0.0,0,0,2,0,2.0,2,2,2,0,2,2,0,0,2.0,0,NA,0,2,2,2,0.0,0,NA,0,0,2,0,0,0.0,0,NA,NA,2,2,0,2,2.0,0.0,0,0,2,2.0,0,2,2,0.0,0.0,0,2,2,0,0.0,0.0,0,2,0,2.0,0,0,0,0.0,0,0,0,0,0,0,2,0,2,0,2,2,2,0,0,2,2,2,2,2,2,2,0,2,0,2,0.0,0,2,0,2,0,2,0,0,2
RSM_1_3.85,C,T,2,2,0,0,2,2,0,0,2,2,0,0,2,2,0,0,2,2,0,0,0,0,0.0,0.0,NA,2,2,0,2,0,2,2,2.0,2,0.0,0,2,0,2,2,0,0,0,2,2,2,2,0,0,2,2,2,2,0,NA,2,2,2,0,0,0,0.0,2,2.0,0,2,2,2,0,2,0,0,0,2,2,2,NA,0,0.0,0,0,2,0,2.0,2,2,2,0,2,2,0,0,2.0,0,NA,0,2,2,2,0.0,0,NA,0,0,2,0,0,0.0,0,NA,NA,2,2,0,2,2.0,0.0,0,0,2,2.0,0,2,2,NA,0.0,0,2,2,0,0.0,0.0,2,2,0,2.0,0,0,0,0.0,0,0,0,0,0,0,2,0,2,0,2,2,2,0,0,2,2,2,2,2,2,2,0,2,0,2,0.0,0,2,0,2,0,2,0,0,2
RSM_1_3.95,A,C,2,2,0,0,2,2,0,0,2,2,0,0,2,2,0,0,2,2,0,0,0,0,0.0,0.0,NA,2,2,0,2,0,2,2,2.0,2,0.0,0,2,0,2,2,0,0,0,2,2,2,2,0,0,2,2,2,2,0,NA,2,2,2,0,0,0,0.0,2,0.0,0,2,2,2,0,2,0,0,0,2,2,2,NA,0,0.0,0,0,2,0,2.0,2,2,2,0,2,2,0,0,2.0,0,NA,0,2,2,2,0.0,0,NA,0,0,2,0,0,0.0,0,NA,NA,2,2,0,2,2.0,0.0,0,0,2,0.0,0,2,2,NA,0.0,0,2,2,0,0.0,0.0,2,2,0,2.0,0,0,0,0.0,0,0,0,0,0,0,2,0,2,0,2,2,2,0,0,2,2,2,2,2,2,2,0,2,0,2,0.0,0,2,0,2,0,2,0,0,2
RSM_1_4.05,C,T,2,2,0,0,2,2,0,0,2,2,0,0,2,2,0,0,2,0,0,0,0,0,0.0,0.0,NA,2,2,0,2,0,2,2,2.0,2,0.0,0,2,0,2,2,0,0,0,2,2,2,2,0,0,2,2,2,2,0,NA,2,2,2,0,0,0,0.0,2,0.0,0,2,2,2,0,2,0,0,0,2,2,2,NA,0,0.0,0,0,2,0,2.0,2,2,2,0,2,2,0,0,2.0,0,NA,0,2,2,2,0.0,0,NA,0,0,2,0,0,0.0,0,NA,NA,2,2,0,2,2.0,0.0,0,0,2,0.0,0,2,2,NA,0.0,0,2,2,0,0.0,0.0,2,2,0,2.0,0,0,0,0.0,0,0,0,0,0,0,2,0,2,0,2,2,2,0,0,2,2,2,2,2,2,2,0,2,0,2,0.0,0,2,0,2,0,2,0,0,2
RSM_1_4.15,A,A,2,2,0,0,2,2,0,0,2,2,0,0,2,2,0,0,2,0,0,0,0,0,0.0,0.0,NA,2,2,0,2,0,2,2,2.0,2,0.0,0,2,0,2,2,0,0,0,2,2,2,2,0,0,2,2,2,2,0,NA,2,2,2,0,0,0,0.0,2,0.0,0,2,2,2,0,2,0,0,0,2,2,2,NA,0,0.0,0,0,2,0,2.0,2,2,2,0,2,2,0,0,2.0,0,NA,0,2,2,2,0.0,0,NA,0,0,2,0,0,0.0,0,NA,NA,2,2,0,2,2.0,0.0,0,0,2,0.0,0,2,2,NA,0.0,0,2,2,0,0.0,0.0,2,2,0,2.0,0,0,0,0.0,0,0,0,0,0,0,2,0,2,0,2,2,2,0,0,2,2,2,2,2,2,2,0,2,0,2,0.0,0,2,0,2,0,2,0,0,2
RSM_1_4.25,C,C,2,2,0,0,2,2,0,0,2,2,0,0,2,2,0,0,2,0,0,0,0,0,0.0,0.0,NA,2,2,0,2,0,2,2,2.0,2,0.0,0,2,0,2,2,0,0,0,2,2,2,2,0,0,2,2,2,2,0,NA,2,2,2,0,0,0,0.0,2,2.0,0,2,2,2,0,2,0,0,0,2,2,2,NA,0,NA,0,0,2,0,2.0,2,2,2,0,2,2,0,0,2.0,0,NA,0,2,2,2,0.0,0,NA,0,0,2,0,0,0.0,0,NA,NA,2,2,0,2,2.0,0.0,0,0,2,0.0,0,2,2,NA,0.0,0,2,2,0,0.0,0.0,2,2,0,2.0,0,0,0,0.0,0,0,0,0,0,0,2,0,2,0,2,2,2,0,0,2,2,2,2,2,2,2,0,2,0,2,0.0,0,2,0,2,0,2,0,0,2
RSM_1_4.35,C,A,2,2,0,0,2,2,0,0,2,2,0,0,2,2,0,0,2,0,0,0,0,0,0.0,0.0,NA,2,2,0,2,0,2,2,2.0,2,0.0,0,2,0,2,2,0,0,0,2,2,2,2,0,0,2,2,2,2,0,NA,2,2,2,0,0,0,0.0,2,2.0,0,2,2,2,0,2,0,0,0,2,2,2,NA,0,NA,0,0,2,0,2.0,0,2,2,0,2,2,0,0,2.0,0,NA,0,2,2,2,0.0,0,NA,0,0,2,0,0,0.0,0,NA,NA,2,2,0,2,2.0,0.0,0,0,2,0.0,0,2,2,NA,0.0,0,2,2,0,0.0,0.0,2,2,0,2.0,0,0,0,0.0,0,0,0,0,0,0,2,0,2,0,2,2,2,0,0,2,2,2,0,2,2,2,0,2,0,2,0.0,0,2,0,2,0,2,0,0,2
RSM_1_4.45,C,T,2,2,0,0,2,2,0,0,2,2,0,0,2,2,0,0,0,0,0,0,0,0,0.0,0.0,NA,2,2,0,2,0,2,2,2.0,2,0.0,0,2,0,2,2,0,0,0,2,2,2,2,0,0,2,2,2,2,0,NA,2,2,2,0,0,0,0.0,2,2.0,0,2,2,2,0,2,0,0,0,2,2,2,NA,0,NA,0,0,2,0,2.0,0,2,2,0,2,2,0,0,2.0,0,NA,0,2,2,2,0.0,0,NA,0,0,2,0,0,0.0,0,NA,NA,2,2,0,2,2.0,0.0,0,0,2,0.0,0,2,2,NA,0.0,0,2,2,0,0.0,0.0,2,2,0,2.0,0,0,0,0.0,0,0,0,0,0,0,2,0,2,0,2,2,2,0,0,2,2,2,0,2,2,2,0,2,0,2,0.0,0,2,0,2,0,2,0,0,2
RSM_1_4.55,A,G,2,2,0,0,2,2,0,0,2,2,0,0,2,2,0,0,0,0,0,0,0,0,0.0,0.0,NA,2,2,0,2,0,2,2,2.0,2,0.0,0,2,0,2,2,0,0,0,2,2,2,2,0,0,2,2,2,2,0,NA,2,2,2,0,0,0,0.0,2,2.0,0,2,2,2,0,2,0,0,0,2,2,2,NA,0,NA,0,0,2,0,2.0,0,2,2,0,2,2,0,0,2.0,0,NA,0,2,2,2,0.0,0,NA,0,0,2,0,0,0.0,0,NA,NA,2,2,0,2,2.0,0.0,0,0,2,0.0,0,2,2,NA,0.0,0,2,2,0,0.0,0.0,2,2,0,2.0,0,0,0,0.0,0,0,0,0,0,0,2,0,2,0,2,2,2,0,0,2,2,2,0,2,2,2,0,2,0,2,0.0,0,2,0,2,0,2,0,0,2
RSM_1_4.65,G,C,2,2,0,0,2,2,0,0,2,2,0,0,2,2,0,0,0,0,0,0,0,0,0.0,0.0,NA,2,2,0,2,0,2,2,2.0,2,0.0,0,2,0,2,2,0,0,0,2,2,2,2,0,0,2,2,2,2,0,NA,2,2,2,0,0,0,0.0,2,2.0,0,2,2,2,0,2,0,0,0,2,2,2,2.0,0,NA,0,0,2,0,2.0,0,0,2,0,2,2,0,0,2.0,0,NA,0,2,2,2,0.0,0,NA,0,0,2,0,0,0.0,0,NA,NA,2,2,0,2,2.0,0.0,0,0,2,0.0,0,2,2,NA,0.0,0,2,2,0,0.0,0.0,2,2,0,2.0,0,0,0,0.0,0,0,0,0,0,0,2,0,0,0,2,2,2,0,0,2,2,2,0,2,2,2,0,2,0,2,0.0,0,2,0,2,0,2,0,0,2
RSM_1_4.75,C,A,2,2,0,0,2,2,0,0,2,2,0,0,2,2,0,0,0,0,0,0,0,0,0.0,2.0,NA,2,2,0,2,0,2,2,2.0,2,0.0,0,2,0,2,2,0,0,0,2,2,2,2,0,0,2,2,2,2,0,NA,2,2,2,0,0,0,0.0,2,2.0,0,2,2,2,0,2,0,0,0,2,2,2,2.0,0,NA,0,0,2,0,2.0,0,0,2,0,2,2,0,0,2.0,0,NA,0,2,2,2,0.0,0,0.0,0,0,2,0,0,0.0,0,NA,NA,2,2,0,2,2.0,0.0,0,0,2,0.0,0,2,2,NA,0.0,0,2,2,0,0.0,0.0,2,2,0,2.0,0,0,0,0.0,0,0,0,0,0,0,2,0,0,0,2,0,2,0,0,2,2,2,0,2,2,2,0,2,0,2,0.0,0,2,0,2,0,2,0,0,2
RSM_1_4.85,T,C,2,2,0,0,2,2,0,0,2,2,0,0,2,2,0,0,0,0,0,0,0,0,0.0,2.0,NA,2,2,0,2,0,2,2,2.0,2,0.0,2,2,0,2,2,0,0,0,2,2,2,2,0,0,2,2,2,2,0,NA,2,2,2,0,0,0,0.0,2,2.0,0,2,2,2,0,2,0,0,0,2,2,2,2.0,0,NA,0,0,2,0,2.0,0,0,2,0,2,2,0,0,2.0,0,NA,0,2,2,2,0.0,0,0.0,0,0,2,0,0,0.0,0,NA,NA,2,2,0,2,2.0,0.0,0,0,2,0.0,0,2,2,NA,0.0,0,2,2,0,0.0,0.0,2,2,0,2.0,0,0,0,0.0,0,0,0,0,0,0,2,0,0,0,2,0,2,0,0,2,2,2,0,2,2,2,0,2,0,2,0.0,0,2,0,2,0,2,0,0,2
RSM_1_4.95,A,T,2,2,0,0,2,2,0,0,2,2,0,0,2,2,0,0,0,0,0,0,0,0,0.0,2.0,NA,2,2,0,2,0,2,2,2.0,2,0.0,2,2,0,2,2,0,0,0,2,2,2,2,0,0,2,2,2,2,0,NA,2,2,2,0,0,0,0.0,2,2.0,0,2,2,2,0,2,0,0,2,2,2,2,2.0,0,NA,0,0,2,0,0.0,0,0,2,0,2,2,0,0,2.0,0,NA,0,2,2,2,0.0,0,0.0,0,0,2,0,0,0.0,0,NA,NA,2,2,0,2,2.0,0.0,0,0,2,0.0,0,2,2,NA,0.0,0,2,2,0,0.0,0.0,2,2,0,NA,0,0,0,0.0,0,0,0,0,0,0,2,0,0,0,2,0,2,0,0,2,2,2,0,2,2,2,0,2,0,2,0.0,0,2,0,2,0,2,0,0,2
RSM_1_5.05,C,T,2,2,0,0,2,2,0,0,2,2,0,0,2,2,0,0,0,0,0,0,0,0,0.0,2.0,NA,2,2,0,2,0,2,2,2.0,2,0.0,2,2,0,2,2,0,0,0,2,2,2,2,0,0,2,2,2,2,0,NA,2,2,2,0,0,0,0.0,2,2.0,0,2,2,2,0,2,0,0,2,2,2,2,2.0,0,NA,0,0,2,0,0.0,0,0,2,0,2,2,0,0,2.0,0,NA,0,2,2,2,0.0,0,0.0,0,0,2,0,0,0.0,0,NA,NA,2,2,0,2,2.0,0.0,0,0,2,0.0,0,2,2,NA,0.0,0,2,2,0,0.0,0.0,2,2,0,NA,0,0,0,0.0,0,0,0,0,0,0,2,0,0,0,2,0,2,0,0,2,2,2,0,2,2,2,0,2,0,2,0.0,0,2,0,2,0,2,0,0,2
RSM_1_5.15,C,A,2,2,0,0,2,2,0,0,2,2,0,0,2,2,0,0,0,0,0,0,0,0,0.0,2.0,NA,2,2,0,2,0,2,2,2.0,2,0.0,2,2,0,2,2,2,0,0,2,2,2,2,0,0,2,2,2,2,0,NA,2,2,2,0,0,0,0.0,2,2.0,0,2,2,2,0,2,0,0,2,2,2,2,2.0,0,NA,0,0,2,0,0.0,0,0,2,0,2,2,0,0,2.0,0,NA,0,2,2,2,0.0,0,0.0,0,0,2,0,0,0.0,0,NA,NA,2,2,0,2,2.0,0.0,0,0,2,0.0,0,2,2,NA,0.0,0,2,2,0,0.0,0.0,2,2,0,NA,0,0,0,0.0,0,0,0,0,0,0,2,0,0,0,2,0,2,0,0,2,2,2,0,2,2,2,0,2,0,2,0.0,0,2,0,2,0,2,0,0,2
RSM_1_5.25,A,G,2,2,0,0,2,2,0,0,2,2,0,0,2,2,0,0,0,0,0,0,0,0,0.0,2.0,NA,2,2,0,2,0,2,2,2.0,2,0.0,2,2,0,2,2,2,0,0,2,2,2,2,2,0,2,2,2,2,0,NA,2,2,2,0,0,0,0.0,2,2.0,0,2,2,2,0,2,0,0,2,2,2,2,2.0,0,NA,0,0,2,0,0.0,0,0,2,0,2,2,0,0,2.0,0,NA,0,2,2,2,2.0,0,0.0,0,0,2,0,0,0.0,0,NA,NA,2,2,0,2,2.0,0.0,0,0,2,0.0,0,2,2,NA,0.0,0,2,2,0,0.0,0.0,2,2,0,NA,0,0,0,0.0,0,0,0,0,0,0,2,0,0,0,2,0,2,0,0,2,2,2,0,2,2,2,0,2,0,2,0.0,0,2,0,2,0,2,0,0,2
RSM_1_5.35,T,C,2,2,0,0,2,2,0,0,2,2,0,0,2,2,0,0,0,0,0,0,0,0,0.0,2.0,NA,2,2,0,2,0,2,0,2.0,2,0.0,2,2,0,2,2,2,0,0,2,2,2,2,2,0,2,2,2,2,0,NA,2,2,2,0,0,0,0.0,2,2.0,0,2,2,2,0,2,0,0,2,2,2,2,2.0,0,NA,0,0,2,0,0.0,0,0,2,0,2,2,0,0,2.0,0,NA,0,2,2,2,2.0,0,0.0,0,0,2,0,0,0.0,0,NA,NA,2,2,0,2,2.0,0.0,0,0,2,0.0,0,2,2,NA,0.0,0,2,2,0,0.0,0.0,2,2,0,NA,0,0,0,0.0,0,0,0,0,0,0,2,0,0,0,2,0,2,0,0,2,2,2,0,2,2,2,0,2,0,2,0.0,0,2,0,2,0,2,0,0,2
RSM_1_5.45,A,G,2,2,0,0,2,2,0,0,2,2,0,0,2,2,0,0,0,0,0,0,0,0,0.0,2.0,NA,2,2,0,2,0,2,0,2.0,2,0.0,2,2,0,2,2,2,0,0,2,2,2,2,2,0,2,2,2,2,0,NA,2,2,2,0,0,0,0.0,2,NA,0,2,2,2,0,2,0,0,2,2,2,2,2.0,0,NA,0,0,2,0,0.0,0,0,2,0,2,2,0,0,2.0,0,NA,0,2,2,2,2.0,0,0.0,0,0,2,0,0,0.0,0,NA,NA,2,2,0,2,2.0,0.0,0,0,2,0.0,0,2,2,NA,0.0,0,2,2,0,0.0,0.0,2,2,0,NA,0,0,0,0.0,0,0,0,0,0,0,2,0,0,0,2,0,2,0,0,0,2,2,0,2,2,2,0,2,0,2,0.0,0,2,0,2,0,2,0,0,2
RSM_1_5.55,C,T,2,2,0,0,2,2,0,0,2,2,0,0,2,2,0,0,0,0,0,0,0,0,0.0,2.0,NA,2,2,0,2,0,2,0,2.0,2,0.0,2,2,0,2,2,2,0,0,2,2,2,2,2,0,2,2,2,2,0,NA,2,2,2,0,0,0,0.0,2,NA,0,2,2,2,0,2,0,0,2,2,2,2,2.0,0,NA,0,0,2,0,0.0,0,0,2,0,2,2,0,0,2.0,0,NA,0,2,2,2,2.0,0,0.0,0,0,2,0,0,0.0,0,NA,NA,2,2,0,2,2.0,0.0,0,0,2,0.0,0,2,2,NA,0.0,0,2,2,0,0.0,0.0,2,2,0,NA,0,0,0,0.0,0,0,0,0,0,0,2,0,0,0,2,0,2,2,0,0,2,2,0,2,2,0,0,2,0,2,0.0,0,2,0,2,0,2,0,0,2
RSM_1_5.65,T,G,2,2,0,0,2,2,0,0,2,2,0,0,2,2,0,0,0,0,0,0,0,0,0.0,2.0,NA,2,2,0,2,0,2,0,2.0,2,0.0,2,2,0,2,2,2,0,0,2,2,2,2,2,0,2,2,2,2,0,NA,2,2,2,0,0,0,0.0,2,NA,0,2,2,2,0,2,0,0,2,2,2,2,2.0,0,NA,0,0,2,0,0.0,0,0,2,0,2,2,0,0,2.0,0,NA,0,2,2,2,2.0,0,0.0,0,0,2,0,0,0.0,0,NA,NA,2,2,0,2,2.0,0.0,0,0,2,0.0,0,2,2,NA,0.0,0,2,2,0,0.0,0.0,2,2,0,NA,0,0,0,0.0,0,0,0,0,0,0,2,0,0,0,2,0,2,2,0,0,2,2,0,2,2,0,0,2,0,2,0.0,0,2,0,2,0,2,0,0,2
RSM_1_5.75,T,G,2,2,0,0,2,2,0,0,2,2,0,0,2,2,0,0,0,0,0,0,0,0,0.0,2.0,NA,2,2,0,2,0,2,0,2.0,2,0.0,2,2,0,2,2,2,0,0,2,2,2,2,2,0,2,2,2,2,0,NA,2,2,2,0,0,0,0.0,2,NA,0,2,2,2,0,2,0,0,2,2,2,2,2.0,0,NA,0,0,2,0,0.0,0,0,2,0,2,2,0,0,2.0,0,0.0,0,2,2,2,2.0,0,0.0,0,0,2,0,0,0.0,0,NA,NA,2,2,0,2,2.0,0.0,0,0,2,0.0,0,2,2,2.0,0.0,0,2,2,0,0.0,0.0,2,2,0,NA,0,0,0,0.0,0,0,0,0,0,0,2,0,0,0,2,0,2,0,0,0,2,2,0,2,2,0,0,2,0,2,0.0,0,2,0,2,0,2,0,0,2
RSM_1_5.85,G,A,2,2,0,0,2,2,0,0,2,2,0,0,2,2,0,0,0,0,0,0,0,0,0.0,2.0,NA,2,2,0,2,0,2,0,2.0,2,0.0,2,2,0,2,2,2,0,0,2,2,2,2,2,0,2,2,2,2,0,NA,2,2,2,0,0,0,0.0,2,NA,0,2,2,2,0,2,0,0,2,2,2,2,2.0,0,NA,0,0,2,0,0.0,0,0,2,0,2,2,0,0,2.0,0,0.0,0,2,2,2,2.0,0,0.0,0,0,2,0,0,0.0,0,NA,NA,2,2,0,2,2.0,0.0,0,0,2,0.0,0,2,2,2.0,0.0,0,2,2,0,0.0,0.0,2,2,0,NA,0,0,0,0.0,0,0,0,0,0,0,2,0,0,0,2,0,2,0,0,0,2,2,0,2,2,0,0,2,0,2,0.0,0,2,0,2,0,2,0,0,2
RSM_1_5.95,C,T,2,2,0,0,2,2,0,0,2,2,0,0,2,2,0,0,0,0,0,0,0,0,0.0,2.0,NA,2,2,0,2,0,2,0,2.0,2,0.0,2,2,0,2,2,2,0,0,2,2,2,2,2,0,2,2,2,2,0,NA,2,2,2,0,0,0,0.0,2,NA,0,2,2,2,0,2,0,0,2,2,2,2,2.0,0,NA,0,0,2,0,0.0,0,0,2,0,2,2,0,0,2.0,0,0.0,0,2,2,2,NA,0,0.0,0,0,2,0,0,0.0,0,NA,NA,2,2,0,2,2.0,0.0,0,0,2,0.0,0,2,2,2.0,0.0,0,2,2,0,0.0,0.0,2,2,0,NA,0,0,0,0.0,0,0,0,0,0,0,2,0,0,0,2,0,2,0,0,0,2,2,0,2,2,0,0,2,0,2,0.0,0,2,0,2,0,2,0,0,2
RSM_1_6.05,T,C,2,2,0,0,2,2,0,0,2,2,0,0,2,2,0,0,0,0,0,0,0,0,0.0,2.0,NA,2,2,0,2,0,2,0,2.0,2,0.0,2,2,0,2,2,2,0,0,2,2,2,2,2,0,2,2,2,2,0,NA,2,2,2,0,0,0,0.0,2,NA,0,2,2,2,0,2,0,0,2,2,2,2,2.0,0,NA,0,0,2,0,0.0,0,0,2,0,2,2,0,0,2.0,0,0.0,0,2,2,2,NA,0,0.0,0,0,2,2,0,0.0,0,NA,NA,2,2,0,2,2.0,0.0,0,0,2,0.0,0,2,2,2.0,0.0,0,2,2,0,0.0,0.0,2,2,0,NA,0,0,0,0.0,0,0,0,0,0,0,2,0,0,0,2,0,2,0,0,0,2,2,0,0,2,0,0,2,0,2,0.0,0,2,0,2,0,2,0,0,2
RSM_1_6.15,A,C,2,2,0,0,2,2,0,0,2,2,0,0,2,2,0,0,0,0,0,0,0,0,0.0,2.0,NA,2,2,0,2,0,2,0,2.0,2,0.0,2,2,0,2,2,2,0,0,2,2,2,2,2,0,2,2,2,2,0,NA,2,2,2,0,0,0,0.0,2,NA,0,2,2,2,0,2,0,0,0,2,2,2,2.0,0,NA,0,0,2,0,0.0,0,0,2,0,2,2,0,0,2.0,0,0.0,0,2,2,2,NA,0,0.0,0,0,2,2,0,0.0,0,NA,NA,2,2,0,2,2.0,0.0,0,0,2,0.0,0,2,2,2.0,0.0,0,2,2,0,0.0,0.0,2,2,0,NA,0,0,0,0.0,0,0,0,0,0,0,2,0,0,0,2,0,2,0,0,0,2,2,0,0,2,0,0,2,0,2,0.0,0,2,0,2,0,2,0,0,2
RSM_1_6.25,A,C,2,2,0,0,2,2,0,0,2,2,0,0,2,2,0,0,0,0,0,0,0,0,0.0,2.0,NA,2,2,0,2,0,2,0,2.0,2,0.0,2,2,0,2,2,2,0,0,2,2,2,2,2,0,2,2,2,2,0,NA,2,2,2,0,0,0,0.0,2,NA,0,2,2,2,0,2,0,0,0,2,2,2,2.0,0,NA,0,0,2,0,0.0,0,0,2,0,2,2,0,0,2.0,0,0.0,0,2,2,2,NA,0,0.0,0,0,2,2,0,0.0,0,NA,NA,2,2,0,2,2.0,0.0,0,0,2,0.0,0,2,2,2.0,0.0,0,2,2,0,0.0,0.0,2,2,0,NA,0,0,0,0.0,0,0,0,0,0,0,2,0,0,0,2,0,2,0,0,0,2,2,0,0,2,0,0,2,0,2,0.0,0,2,0,2,0,2,0,0,2
RSM_1_6.35,G,A,2,2,0,0,2,2,0,0,2,2,0,0,2,2,0,0,0,0,0,0,0,0,0.0,2.0,NA,2,2,0,2,0,2,0,2.0,2,0.0,2,2,0,2,2,2,0,0,2,2,2,2,2,0,2,2,2,2,0,NA,2,2,2,0,0,0,0.0,2,NA,0,2,2,2,0,2,0,0,0,2,2,2,2.0,0,NA,0,0,2,0,0.0,0,0,2,0,2,2,0,0,2.0,0,0.0,0,2,2,2,NA,0,0.0,0,0,2,2,0,0.0,0,NA,NA,2,2,0,2,2.0,0.0,0,0,2,0.0,0,2,2,2.0,0.0,0,2,2,0,0.0,0.0,2,2,0,NA,0,0,0,0.0,0,0,0,0,0,0,2,0,0,0,2,0,2,0,0,0,2,2,0,0,2,0,0,2,0,2,0.0,0,2,0,2,0,2,0,0,2
RSM_1_6.45,T,A,2,2,0,0,2,2,0,0,2,2,0,0,2,2,0,0,0,0,0,0,0,0,0.0,2.0,NA,2,2,0,2,0,2,0,2.0,2,0.0,2,2,0,2,2,2,0,0,2,2,2,2,2,0,2,2,2,2,0,NA,2,2,2,0,0,0,0.0,2,NA,0,2,2,2,0,2,0,0,0,2,2,2,2.0,0,NA,0,0,2,0,0.0,0,0,2,0,2,2,0,0,2.0,0,0.0,0,2,2,2,NA,0,0.0,0,0,2,2,0,0.0,0,NA,NA,2,2,0,2,2.0,0.0,0,0,2,0.0,0,2,2,2.0,0.0,0,2,2,0,0.0,0.0,2,2,0,NA,0,0,0,0.0,0,0,0,0,0,0,2,0,0,0,2,0,2,0,0,0,2,2,0,0,2,0,0,2,0,2,0.0,0,2,0,2,0,2,0,0,2
RSM_1_6.55,A,G,2,2,0,0,2,2,0,0,2,2,0,0,2,2,0,0,0,0,0,0,0,0,0.0,2.0,NA,2,2,0,2,0,2,0,2.0,2,0.0,2,2,0,2,2,2,0,0,2,2,2,2,2,0,2,2,2,2,0,0.0,2,2,2,0,0,0,0.0,2,NA,0,2,2,2,0,2,0,0,0,2,2,2,2.0,0,2.0,0,0,2,0,0.0,0,0,2,0,2,2,0,0,2.0,0,0.0,0,2,2,2,NA,0,0.0,0,0,2,2,0,0.0,0,NA,NA,2,2,0,2,2.0,0.0,0,0,2,0.0,0,2,2,2.0,0.0,0,2,2,0,0.0,0.0,2,2,0,NA,0,0,0,0.0,0,0,0,0,0,0,2,0,0,0,2,0,2,0,0,0,2,2,0,0,2,0,0,2,0,2,0.0,0,2,0,2,0,2,0,0,2
RSM_1_6.65,C,T,2,2,0,0,2,2,0,0,2,2,0,0,2,2,0,0,0,0,0,0,0,0,0.0,2.0,NA,2,2,0,2,0,2,0,2.0,2,0.0,2,2,0,2,2,2,0,0,2,2,2,2,2,0,2,2,2,2,0,0.0,2,2,2,0,0,0,0.0,2,NA,0,2,2,2,0,2,0,0,0,2,2,2,2.0,0,2.0,0,0,2,0,0.0,0,0,0,0,2,2,0,0,2.0,0,0.0,0,2,2,2,NA,0,0.0,0,0,2,2,0,0.0,0,NA,NA,2,2,0,2,2.0,0.0,2,0,2,0.0,0,2,2,2.0,0.0,0,2,2,0,0.0,0.0,2,2,2,NA,0,0,0,0.0,0,0,0,0,0,0,2,0,0,0,0,0,2,0,0,0,2,2,0,0,2,0,0,2,0,2,0.0,0,2,0,2,0,2,0,0,2
RSM_1_6.75,A,T,2,2,0,0,2,2,0,0,2,2,0,0,2,2,0,0,0,0,0,0,0,0,0.0,2.0,NA,2,2,0,2,0,2,0,2.0,2,0.0,2,2,0,2,2,2,0,0,2,2,2,2,2,0,2,2,2,2,0,0.0,2,2,2,0,0,0,0.0,2,NA,0,2,2,2,0,2,0,0,0,2,2,2,2.0,0,2.0,0,0,2,0,0.0,0,0,0,0,2,2,0,0,2.0,0,0.0,0,2,2,2,NA,0,0.0,0,0,2,2,0,0.0,0,NA,NA,2,2,0,2,2.0,0.0,2,0,2,0.0,0,2,2,2.0,0.0,0,2,2,0,0.0,0.0,2,2,2,NA,0,0,0,0.0,0,0,0,0,0,0,2,0,0,0,0,0,2,0,0,0,2,2,0,0,2,0,0,2,0,2,0.0,0,2,0,2,0,2,0,0,2
RSM_1_6.85,T,G,2,2,0,0,2,2,0,0,2,2,0,0,2,2,0,0,0,0,0,0,0,0,0.0,2.0,NA,2,2,0,2,0,2,0,2.0,2,0.0,2,2,0,2,2,2,0,0,2,2,2,2,2,0,2,2,2,2,0,0.0,2,2,2,0,0,0,0.0,2,NA,0,2,2,2,0,2,0,0,0,2,2,2,2.0,0,2.0,0,0,2,0,0.0,0,0,0,0,2,2,0,0,2.0,0,0.0,0,2,2,2,NA,0,0.0,0,0,2,2,0,0.0,0,NA,NA,2,2,0,2,2.0,0.0,2,0,2,0.0,0,2,2,2.0,0.0,0,2,2,0,0.0,0.0,2,2,2,NA,0,0,0,0.0,0,0,0,0,0,0,2,0,0,0,0,0,2,0,0,0,2,2,0,0,2,0,0,2,0,2,0.0,0,2,0,2,0,2,2,0,2
RSM_1_6.95,G,T,2,2,0,0,2,2,0,0,2,2,0,0,2,2,0,0,0,0,0,0,0,0,0.0,2.0,NA,2,2,0,2,0,2,0,2.0,2,0.0,2,2,0,2,2,2,0,0,2,2,2,2,2,0,2,2,2,2,2,0.0,2,2,2,0,0,0,0.0,2,NA,0,2,2,2,0,2,0,0,0,2,2,2,2.0,0,2.0,0,0,2,0,0.0,0,0,0,0,2,2,0,0,2.0,0,0.0,0,2,2,2,NA,0,0.0,0,0,2,2,0,0.0,0,NA,NA,2,2,0,2,2.0,0.0,2,0,2,0.0,0,2,2,2.0,0.0,0,2,2,0,0.0,0.0,0,2,2,NA,0,0,0,0.0,0,0,0,0,0,0,2,0,0,0,0,0,2,0,0,0,2,2,0,0,0,0,0,2,0,2,0.0,0,2,0,2,0,2,2,0,2
RSM_1_7.05,A,G,2,2,0,0,2,2,0,0,2,2,0,0,2,2,0,0,0,0,0,0,0,0,0.0,2.0,NA,2,2,0,2,0,2,0,2.0,2,0.0,2,2,0,2,2,2,0,0,2,2,2,2,2,0,2,2,2,2,2,0.0,2,2,2,0,0,0,0.0,2,NA,0,2,2,2,0,2,0,0,0,2,2,2,2.0,0,2.0,0,0,2,0,0.0,0,0,0,0,2,2,0,0,2.0,0,0.0,0,2,2,2,NA,0,0.0,0,0,2,2,0,0.0,0,NA,NA,2,2,0,2,2.0,0.0,2,0,2,0.0,0,2,2,2.0,0.0,0,2,2,0,0.0,0.0,0,2,2,NA,0,0,0,0.0,0,0,0,0,0,0,2,0,0,0,0,0,2,0,0,0,2,2,0,0,0,0,0,0,0,2,0.0,0,2,0,2,0,2,2,0,2
RSM_1_7.15,T,A,2,2,0,0,2,2,0,0,2,2,0,0,2,2,0,0,0,0,0,0,0,0,0.0,2.0,NA,2,2,0,2,0,2,0,2.0,2,0.0,2,2,0,2,2,2,0,0,2,2,2,2,2,2,2,2,2,2,2,0.0,2,2,2,0,0,0,0.0,2,NA,0,2,2,2,0,2,0,0,0,2,2,2,2.0,0,0.0,0,0,2,0,0.0,2,0,0,0,2,2,0,0,2.0,0,0.0,0,2,2,2,NA,0,0.0,0,0,2,2,0,2.0,0,NA,NA,2,2,0,2,2.0,0.0,2,0,2,0.0,0,2,2,2.0,0.0,0,2,2,0,0.0,0.0,0,2,2,NA,0,0,0,0.0,0,0,0,0,0,0,2,0,0,0,0,0,2,0,0,0,2,2,0,0,0,0,0,0,0,2,0.0,0,2,0,2,0,2,2,0,2
RSM_1_7.25,T,A,2,2,0,0,2,2,0,0,2,2,0,0,2,2,0,0,0,0,0,0,0,0,0.0,2.0,NA,2,2,0,2,0,2,0,2.0,2,0.0,2,2,0,2,2,2,0,0,2,2,2,2,2,2,2,2,2,2,2,0.0,2,2,2,0,0,0,0.0,2,NA,0,2,2,2,0,2,0,0,0,2,2,2,0.0,0,0.0,0,0,2,0,0.0,2,0,0,0,2,2,0,0,2.0,0,0.0,0,2,2,2,NA,0,0.0,0,0,2,2,0,2.0,0,NA,NA,2,2,0,2,2.0,0.0,2,0,2,0.0,0,2,2,2.0,0.0,0,2,2,0,0.0,0.0,0,2,2,NA,0,0,0,0.0,0,0,0,0,0,0,2,0,0,0,0,0,2,0,0,0,2,2,0,0,2,0,0,0,0,2,0.0,0,2,0,2,0,2,2,0,2
RSM_1_7.35,A,G,2,2,0,0,2,2,0,0,2,2,0,0,2,2,0,0,0,0,0,0,0,0,0.0,2.0,NA,2,2,0,2,0,2,0,2.0,2,0.0,2,2,0,2,2,2,0,0,2,2,2,2,2,2,2,2,2,2,2,0.0,2,2,2,0,0,0,0.0,2,NA,0,2,2,2,0,2,0,0,0,2,2,2,0.0,0,0.0,0,0,2,0,0.0,2,0,0,0,2,2,0,0,2.0,0,0.0,0,2,2,2,NA,0,0.0,0,0,2,2,0,2.0,0,NA,NA,2,2,0,2,2.0,0.0,2,0,2,0.0,0,2,2,2.0,0.0,0,2,2,0,0.0,0.0,0,2,2,NA,0,0,0,0.0,0,0,0,0,0,0,2,0,0,0,0,0,2,0,0,0,2,2,0,0,2,0,0,0,0,2,0.0,0,2,0,2,0,2,2,0,2
RSM_1_7.45,T,C,2,2,0,0,2,2,0,0,2,2,0,0,2,2,0,0,0,0,0,0,0,0,0.0,2.0,NA,2,2,0,2,0,2,0,2.0,2,0.0,2,2,0,2,2,2,0,0,2,2,2,2,2,2,2,2,2,2,2,0.0,2,2,2,0,0,0,0.0,2,NA,0,2,2,2,0,2,0,0,0,2,2,2,0.0,0,0.0,0,0,2,0,0.0,2,0,0,0,2,2,0,0,2.0,0,0.0,0,2,2,2,NA,0,0.0,0,0,2,2,0,2.0,0,NA,NA,2,2,0,2,2.0,0.0,2,0,2,0.0,0,2,2,2.0,0.0,0,2,2,0,0.0,0.0,0,2,2,NA,0,0,0,0.0,0,0,0,0,0,2,2,0,0,0,0,0,2,0,0,0,2,2,0,0,2,0,0,0,0,2,0.0,0,2,0,2,0,2,2,0,2
RSM_1_7.55,A,G,2,2,0,0,2,2,0,0,2,2,0,0,2,2,0,0,0,0,0,0,0,0,0.0,2.0,NA,2,2,0,2,0,2,0,2.0,2,0.0,2,2,0,2,2,2,0,0,2,2,2,2,2,2,2,2,2,0,2,0.0,2,2,2,0,0,0,0.0,2,NA,0,2,2,2,0,2,0,0,0,2,2,2,0.0,2,0.0,0,0,2,0,2.0,2,0,0,0,2,2,0,0,2.0,0,0.0,0,2,2,2,NA,0,0.0,0,0,2,2,0,NA,0,NA,NA,2,2,0,2,2.0,0.0,2,0,2,0.0,0,2,2,2.0,0.0,0,2,2,0,0.0,0.0,0,2,2,NA,0,0,0,0.0,0,0,0,0,0,2,2,0,0,0,0,0,2,0,0,0,2,2,0,0,2,0,0,0,0,2,0.0,0,2,0,2,0,2,2,0,2
RSM_1_7.65,A,G,2,2,0,0,2,2,0,0,2,2,0,0,2,2,0,0,0,0,0,0,0,0,0.0,2.0,NA,2,2,0,2,0,2,0,2.0,2,0.0,2,2,0,2,2,2,0,0,2,2,2,2,2,2,2,2,2,0,2,0.0,2,2,2,0,0,0,0.0,2,NA,0,2,2,2,0,2,0,0,0,2,2,2,0.0,2,0.0,0,0,2,0,2.0,2,0,0,0,2,2,0,0,2.0,0,0.0,0,2,2,2,NA,0,0.0,0,0,2,2,0,NA,0,NA,NA,2,2,0,2,2.0,0.0,2,0,2,0.0,0,2,2,2.0,0.0,0,2,2,0,0.0,0.0,0,2,2,NA,0,0,0,0.0,0,0,0,0,0,2,2,0,0,0,0,0,2,0,0,0,2,2,0,0,2,0,0,0,0,2,0.0,0,2,0,2,0,2,2,0,2
RSM_1_7.75,G,A,2,2,0,0,2,2,0,0,2,2,0,0,2,2,0,0,0,0,0,0,0,0,0.0,2.0,NA,2,2,0,2,0,2,0,2.0,2,0.0,2,2,0,2,2,2,0,0,2,2,2,2,2,2,2,2,2,0,0,0.0,2,2,2,0,0,0,NA,2,NA,0,2,2,2,0,2,0,0,0,2,2,2,0.0,2,0.0,0,0,2,0,2.0,2,0,0,0,2,2,0,2,2.0,0,0.0,0,2,2,2,NA,0,0.0,0,0,2,2,0,NA,0,NA,NA,2,2,0,2,2.0,0.0,2,0,2,0.0,0,2,2,2.0,0.0,0,2,2,0,0.0,0.0,0,2,2,NA,0,0,0,0.0,0,0,0,0,0,2,2,0,0,0,0,0,2,0,0,0,2,2,0,0,2,0,0,0,0,2,0.0,0,2,0,2,0,2,2,0,2
RSM_1_7.85,A,C,2,2,0,0,2,2,0,0,2,2,0,0,2,2,0,0,0,0,0,0,0,0,0.0,2.0,NA,2,2,0,2,0,2,0,2.0,2,0.0,2,2,0,2,2,2,0,0,2,2,2,2,2,2,2,2,2,0,0,0.0,2,2,2,0,0,0,NA,2,NA,0,2,2,2,0,2,0,0,0,2,2,2,0.0,2,0.0,0,0,2,0,2.0,2,0,0,0,2,2,0,2,2.0,0,0.0,0,2,2,2,NA,0,0.0,0,0,2,2,0,NA,0,NA,NA,2,2,0,2,2.0,0.0,2,0,2,0.0,0,2,2,2.0,0.0,0,2,2,0,0.0,0.0,0,2,2,NA,0,0,0,0.0,0,0,0,0,0,2,2,0,0,0,0,0,2,0,0,0,2,2,0,0,2,0,0,0,0,2,0.0,0,2,0,2,0,2,2,0,2
RSM_1_7.95,C,T,2,2,0,0,2,2,0,0,2,2,0,0,2,2,0,0,0,0,0,0,0,0,0.0,2.0,NA,2,2,0,2,0,2,0,2.0,2,0.0,2,2,0,2,2,2,0,0,2,2,2,2,2,2,2,2,2,0,0,0.0,2,2,2,0,0,0,NA,2,NA,0,2,2,2,0,2,0,0,0,2,2,2,0.0,2,0.0,0,0,2,0,2.0,2,0,0,0,2,2,0,2,2.0,0,0.0,0,2,2,2,NA,0,0.0,0,0,2,2,0,NA,0,NA,NA,2,2,0,2,2.0,0.0,2,0,2,0.0,0,2,2,2.0,0.0,0,2,2,0,0.0,0.0,0,2,2,NA,0,0,0,0.0,0,0,0,0,0,2,2,0,0,0,0,0,2,0,0,0,2,2,0,0,2,0,0,0,0,2,0.0,0,2,0,2,0,2,2,0,2
RSM_1_8.05,T,A,2,2,0,0,2,2,0,0,2,2,0,0,2,2,0,0,0,0,0,0,0,0,0.0,2.0,NA,0,2,0,2,0,2,0,2.0,2,0.0,2,2,0,2,2,2,0,2,2,2,2,2,2,2,2,2,2,0,0,0.0,2,2,2,0,0,0,NA,2,NA,0,2,2,2,0,2,2,0,0,2,2,2,0.0,2,0.0,0,0,2,0,2.0,2,0,0,0,2,2,0,2,2.0,0,0.0,0,2,2,0,NA,0,0.0,0,0,2,2,0,NA,0,NA,NA,2,2,0,2,2.0,0.0,2,0,2,0.0,0,0,2,2.0,0.0,0,2,2,0,0.0,0.0,0,2,2,NA,0,0,0,0.0,0,0,0,0,0,2,2,0,0,0,0,0,2,0,0,0,2,2,0,0,2,0,0,0,0,2,NA,0,2,0,2,0,2,2,0,2
RSM_1_8.15,C,A,2,2,0,0,2,2,0,0,2,2,0,0,2,2,0,0,0,0,0,0,0,0,0.0,2.0,NA,0,2,0,2,0,2,0,2.0,2,0.0,2,2,0,2,2,2,0,2,2,2,2,2,2,2,2,2,2,0,0,0.0,2,2,2,0,0,0,NA,2,NA,0,2,2,2,0,2,2,0,0,2,2,2,0.0,2,0.0,0,0,2,0,2.0,2,0,0,0,2,2,0,2,2.0,0,0.0,0,2,2,0,NA,0,0.0,0,0,2,2,0,2.0,0,NA,NA,2,2,0,2,2.0,0.0,2,0,2,0.0,0,0,2,2.0,0.0,0,2,2,0,0.0,0.0,0,2,2,NA,0,0,0,0.0,2,0,0,0,0,2,2,0,0,0,0,0,2,0,0,0,2,2,0,0,2,0,0,0,0,2,NA,0,2,0,2,0,2,2,0,2
RSM_1_8.25,A,G,2,2,0,0,2,2,0,0,2,2,0,0,2,2,0,0,0,0,0,0,0,0,0.0,2.0,NA,0,2,0,2,0,2,0,2.0,2,0.0,2,2,0,2,2,2,0,2,2,2,2,2,2,2,2,2,2,0,0,2.0,2,2,2,0,0,0,NA,2,NA,0,2,2,2,0,2,2,0,0,2,2,2,0.0,2,0.0,0,0,2,0,2.0,2,0,0,2,0,2,0,2,2.0,0,0.0,0,2,2,0,NA,0,0.0,0,0,2,2,0,2.0,0,NA,NA,2,2,0,2,2.0,0.0,2,0,2,0.0,0,0,2,2.0,0.0,0,2,2,0,0.0,0.0,0,2,2,NA,0,0,0,0.0,2,0,0,0,0,2,2,0,0,0,0,0,2,0,0,0,2,2,0,0,2,0,0,0,0,2,NA,0,2,0,2,0,2,2,0,2
RSM_1_8.35,A,A,2,2,0,0,2,2,0,0,2,2,0,0,2,2,0,0,0,0,0,0,0,0,0.0,2.0,NA,0,2,0,2,0,2,0,2.0,2,0.0,2,2,0,2,2,2,0,2,2,2,2,2,2,2,2,2,2,0,0,2.0,2,2,2,0,0,0,NA,2,NA,0,2,2,2,0,2,2,0,0,0,2,2,0.0,2,0.0,0,0,2,0,2.0,2,0,0,2,0,2,0,2,2.0,0,0.0,0,2,2,0,NA,0,0.0,0,0,2,2,0,2.0,0,NA,NA,2,2,0,2,2.0,0.0,2,0,2,0.0,0,0,2,2.0,0.0,0,2,2,0,0.0,0.0,0,2,2,NA,0,0,0,0.0,2,0,0,0,0,2,2,0,0,0,0,0,2,0,0,0,2,2,0,0,2,0,0,0,0,2,NA,0,2,0,2,0,2,2,0,2
RSM_1_8.45,T,G,2,2,0,0,2,2,0,0,2,2,0,0,2,2,0,0,0,0,0,0,0,0,0.0,2.0,NA,0,2,2,2,0,2,0,2.0,2,0.0,2,2,0,2,2,2,0,2,2,2,2,2,2,2,2,2,2,0,0,2.0,2,2,2,0,0,0,NA,2,NA,0,2,2,2,0,2,2,0,0,0,2,2,0.0,2,0.0,0,0,2,0,2.0,2,0,0,2,0,2,0,2,2.0,0,0.0,0,2,2,0,NA,0,0.0,0,0,2,2,0,2.0,0,NA,NA,2,2,0,2,2.0,0.0,2,0,2,0.0,0,0,2,2.0,0.0,0,2,2,0,0.0,0.0,0,2,2,NA,0,0,0,0.0,2,0,0,0,0,2,2,0,0,0,0,0,2,0,0,0,2,2,0,0,2,0,0,0,0,2,NA,0,2,0,2,0,2,2,0,2
RSM_1_8.55,G,C,2,2,0,0,2,2,0,0,2,2,0,0,2,2,0,0,0,0,0,0,0,0,0.0,2.0,NA,0,2,2,2,0,2,0,2.0,2,0.0,2,2,0,2,2,2,0,2,2,2,2,2,2,2,2,2,2,0,0,2.0,2,2,2,0,0,0,NA,2,NA,0,2,2,2,0,2,2,0,0,0,2,2,0.0,2,0.0,0,0,2,0,2.0,2,0,0,2,0,2,0,2,2.0,0,0.0,0,2,2,0,NA,0,0.0,0,0,2,2,0,2.0,0,NA,NA,2,2,0,2,2.0,0.0,2,0,2,0.0,0,0,2,2.0,0.0,0,2,2,0,0.0,0.0,0,2,2,NA,0,0,0,0.0,2,0,0,0,0,2,2,0,0,0,0,0,2,0,0,0,2,2,0,0,2,0,0,0,0,2,NA,0,2,0,2,0,2,2,0,2
RSM_1_8.65,A,T,2,2,0,0,2,2,0,0,2,2,0,0,2,2,0,0,0,0,0,0,0,0,0.0,2.0,NA,0,2,2,2,0,2,0,2.0,2,0.0,2,2,0,2,2,2,0,2,2,2,2,2,2,2,2,2,2,0,0,2.0,2,2,2,0,0,0,NA,2,NA,0,2,2,2,0,2,2,0,0,0,2,2,0.0,2,0.0,0,0,2,0,2.0,2,0,0,2,0,2,0,2,2.0,0,0.0,0,2,2,0,NA,0,0.0,0,2,2,2,0,2.0,0,NA,NA,2,2,0,2,2.0,0.0,2,0,2,0.0,0,0,0,2.0,0.0,0,2,2,0,0.0,0.0,0,2,2,NA,0,0,0,0.0,2,0,0,0,0,2,2,0,0,0,0,0,2,0,0,0,2,2,0,0,2,0,0,0,0,2,NA,0,2,0,2,0,2,2,0,2
RSM_1_8.75,C,A,2,2,0,0,2,2,0,0,2,2,0,0,2,2,0,0,0,0,0,0,0,0,0.0,2.0,NA,0,2,2,2,0,2,2,2.0,2,0.0,2,2,0,2,2,2,0,2,2,2,2,2,2,2,2,2,2,0,0,2.0,2,2,2,0,0,0,NA,2,NA,0,2,2,2,0,2,2,0,0,0,2,2,0.0,2,0.0,0,0,2,0,2.0,2,0,0,2,0,2,0,2,2.0,0,0.0,0,2,2,0,NA,0,0.0,0,2,2,2,0,2.0,0,NA,NA,2,2,0,2,2.0,0.0,2,0,2,0.0,0,0,0,2.0,0.0,0,2,2,0,0.0,0.0,0,2,2,NA,0,0,0,0.0,2,0,0,0,0,2,2,0,0,0,0,0,2,0,0,0,2,2,0,0,2,0,0,0,0,2,NA,0,2,0,2,0,2,2,0,2
RSM_1_8.85,C,T,2,2,0,0,2,2,0,0,2,2,0,0,2,2,0,0,0,0,0,0,0,0,0.0,2.0,NA,0,2,2,2,0,2,2,2.0,2,0.0,2,2,0,2,2,2,0,2,2,2,2,2,2,2,2,2,2,0,0,2.0,2,2,2,0,0,0,NA,2,NA,0,2,2,2,0,2,2,0,0,0,2,2,0.0,2,0.0,0,0,2,0,2.0,2,0,0,2,0,2,0,2,2.0,0,0.0,0,2,2,0,NA,0,0.0,0,2,2,2,0,2.0,0,NA,NA,2,2,0,2,2.0,0.0,2,0,2,0.0,0,0,0,2.0,0.0,0,2,2,0,0.0,0.0,0,2,2,NA,0,0,0,0.0,2,0,0,0,0,2,2,0,0,0,0,0,2,0,0,0,2,2,0,0,2,0,0,0,0,2,NA,0,2,0,2,0,2,2,0,2
RSM_1_8.95,A,G,2,2,0,0,2,2,0,0,2,2,0,0,2,2,0,0,0,0,0,0,0,0,0.0,2.0,NA,0,2,2,2,0,2,2,2.0,2,0.0,2,2,0,2,2,2,0,2,2,2,2,2,2,2,2,2,2,0,0,2.0,2,2,2,0,0,0,NA,2,NA,0,2,2,2,0,2,2,0,0,0,2,2,0.0,2,0.0,0,0,2,0,2.0,2,0,0,2,0,2,0,2,2.0,0,0.0,0,2,2,0,NA,0,0.0,0,2,2,2,0,2.0,0,NA,NA,2,2,0,2,2.0,0.0,2,0,2,0.0,0,0,0,2.0,0.0,0,2,2,0,0.0,0.0,0,2,2,NA,0,0,0,0.0,2,0,0,0,0,2,2,0,0,0,0,0,2,0,0,0,2,2,0,0,2,0,0,0,0,2,NA,0,2,2,2,2,2,2,0,2
RSM_1_9.05,C,A,2,2,0,0,2,2,0,0,2,2,0,0,2,2,0,0,0,0,0,0,0,0,0.0,2.0,NA,0,2,2,2,0,2,2,2.0,2,0.0,2,2,0,2,2,2,0,2,2,2,2,2,2,2,2,2,2,0,0,2.0,2,2,2,0,0,0,NA,2,NA,0,2,2,2,0,2,2,0,0,0,2,2,0.0,2,0.0,0,0,2,0,2.0,2,0,0,2,0,2,0,2,2.0,0,0.0,0,2,2,0,NA,0,0.0,0,2,2,2,0,2.0,0,NA,NA,2,2,0,2,2.0,NA,2,0,2,0.0,0,0,0,2.0,0.0,0,2,2,0,0.0,0.0,0,2,2,NA,0,0,0,0.0,2,0,0,0,0,2,2,0,0,0,0,0,2,0,0,0,2,2,0,0,2,0,0,0,0,2,NA,0,2,2,2,2,2,2,0,2
RSM_1_9.15,T,C,2,2,0,0,2,2,0,0,2,2,0,0,2,2,0,0,0,0,0,0,0,2,0.0,2.0,NA,0,2,2,2,0,2,2,2.0,2,0.0,2,2,0,2,2,2,0,2,2,2,2,2,2,2,2,2,2,0,0,2.0,2,2,2,0,0,0,NA,2,NA,0,2,2,2,2,2,2,0,0,0,2,2,0.0,2,0.0,0,0,2,0,2.0,2,0,0,2,0,2,0,2,2.0,0,0.0,0,2,2,0,NA,0,0.0,0,2,2,2,0,2.0,0,NA,NA,2,2,0,2,2.0,NA,2,0,2,0.0,0,0,0,2.0,0.0,0,2,2,0,0.0,0.0,0,2,2,NA,0,0,0,0.0,2,0,0,0,0,2,2,0,0,0,0,0,2,0,0,0,2,2,0,0,2,0,0,0,0,2,NA,0,2,2,2,2,2,2,0,2
RSM_1_9.25,T,C,2,2,0,0,2,2,0,0,2,2,0,0,2,2,0,0,0,0,0,0,0,2,0.0,2.0,NA,0,2,2,0,0,2,2,2.0,2,0.0,2,2,0,2,2,2,0,2,2,2,2,2,2,2,2,2,2,0,0,2.0,2,2,2,0,0,0,NA,2,NA,0,2,2,2,2,2,2,0,0,0,2,2,0.0,2,0.0,0,0,2,0,2.0,2,0,0,2,0,2,2,2,2.0,0,0.0,0,2,2,0,NA,0,0.0,0,2,2,2,0,2.0,0,NA,NA,2,2,0,2,2.0,NA,2,0,2,0.0,0,0,0,2.0,0.0,0,2,2,0,0.0,0.0,0,2,2,NA,0,0,0,0.0,2,0,0,0,0,2,2,0,0,0,0,0,2,0,0,0,2,2,0,0,2,0,0,0,0,2,NA,0,2,2,2,2,2,0,0,2
RSM_1_9.35,C,T,2,2,0,0,2,2,0,0,2,2,0,0,2,2,0,0,0,0,0,0,0,2,0.0,2.0,NA,0,2,2,0,0,2,2,2.0,2,0.0,2,2,0,2,2,2,0,2,2,2,2,2,2,2,2,2,2,0,0,2.0,2,2,2,0,0,0,NA,2,NA,0,2,2,2,2,2,2,0,0,0,2,2,0.0,2,0.0,0,0,2,0,2.0,2,0,0,2,0,2,2,2,2.0,0,0.0,0,2,2,0,NA,0,2.0,0,2,2,2,0,2.0,0,NA,NA,2,2,0,2,2.0,NA,2,0,2,0.0,0,0,0,2.0,0.0,0,2,2,0,0.0,0.0,0,2,2,NA,0,0,0,0.0,2,0,0,0,0,2,2,0,0,0,0,0,2,0,0,0,2,2,0,0,2,0,0,0,0,2,NA,0,2,2,2,2,2,0,0,2
RSM_1_9.45,T,G,2,2,0,0,2,2,0,0,2,2,0,0,2,2,0,0,0,0,0,0,0,2,0.0,2.0,NA,0,2,2,0,0,2,2,2.0,2,0.0,2,2,0,2,2,2,0,2,2,2,2,2,2,2,2,2,2,0,0,2.0,2,2,2,0,0,0,NA,2,NA,0,2,2,2,2,2,2,0,0,0,2,2,0.0,2,0.0,0,0,2,0,2.0,2,0,0,2,0,2,2,2,2.0,0,0.0,0,2,2,0,NA,0,2.0,0,2,2,2,0,2.0,0,NA,2.0,2,2,0,2,2.0,NA,2,2,2,0.0,0,0,0,2.0,0.0,0,2,2,0,0.0,0.0,2,2,2,NA,0,0,0,0.0,2,0,0,0,0,2,2,0,0,0,0,0,2,0,0,0,2,2,0,0,2,0,0,0,0,2,NA,0,2,2,2,2,2,0,0,2
RSM_1_9.55,C,G,2,2,0,0,2,2,0,0,2,2,0,0,2,2,0,0,0,0,0,0,0,2,0.0,2.0,NA,0,2,2,0,0,2,2,2.0,2,0.0,2,2,0,2,2,2,0,2,2,2,2,2,2,2,2,2,2,0,0,2.0,2,2,2,0,0,0,NA,2,NA,0,2,2,2,2,2,2,0,0,0,2,2,0.0,0,0.0,0,0,2,0,2.0,2,0,0,2,0,2,2,2,2.0,0,0.0,0,2,2,0,NA,0,2.0,0,2,2,2,0,2.0,0,NA,2.0,2,2,0,2,2.0,NA,2,2,2,0.0,0,0,0,2.0,0.0,0,2,2,0,0.0,0.0,2,2,2,NA,0,0,0,0.0,2,0,0,0,0,2,2,0,0,0,0,0,2,0,0,0,2,2,0,0,2,0,0,0,0,2,NA,0,2,2,2,2,2,0,0,2
RSM_1_9.65,A,G,2,2,0,0,2,2,0,0,2,2,0,0,2,2,0,0,0,0,0,0,0,2,0.0,2.0,NA,0,2,2,0,0,2,2,2.0,2,0.0,2,2,0,2,2,2,0,2,2,2,2,2,2,2,2,2,2,0,0,2.0,2,2,2,0,0,0,NA,2,NA,0,2,2,2,2,2,2,0,0,0,2,2,0.0,0,0.0,0,0,2,0,2.0,2,0,0,2,0,2,2,2,2.0,0,0.0,0,2,2,0,NA,0,2.0,0,2,2,2,0,2.0,0,NA,2.0,2,2,0,2,2.0,NA,0,2,0,0.0,0,0,0,2.0,NA,0,2,2,0,0.0,0.0,2,2,2,NA,0,0,0,0.0,2,0,0,0,0,2,2,0,0,0,0,0,2,0,0,0,0,2,0,0,2,0,0,0,0,2,NA,0,2,2,2,2,2,0,0,2
RSM_1_9.75,G,A,2,2,0,0,2,2,0,0,2,2,0,0,2,2,0,0,0,0,0,0,0,2,0.0,2.0,NA,0,2,2,0,0,2,2,2.0,2,0.0,2,2,0,2,2,2,0,2,2,2,2,2,2,2,2,2,2,0,0,2.0,2,2,2,0,0,0,NA,2,NA,0,2,2,2,2,2,2,0,0,0,2,2,0.0,0,0.0,0,0,2,0,2.0,2,0,0,2,0,2,2,2,2.0,0,0.0,0,2,2,0,NA,0,2.0,0,2,2,2,0,2.0,0,NA,2.0,2,2,0,2,2.0,NA,0,2,0,0.0,0,0,0,2.0,NA,0,2,2,0,0.0,0.0,2,2,2,NA,0,0,0,0.0,2,0,0,0,0,2,2,0,0,0,0,0,2,0,0,0,0,2,0,0,2,0,0,0,0,2,NA,0,2,2,2,2,2,0,0,2
RSM_1_9.85,A,C,2,2,0,0,2,2,0,0,2,2,0,0,2,2,0,0,0,0,0,0,0,2,0.0,2.0,NA,0,2,2,0,0,2,2,2.0,2,0.0,2,2,0,2,2,2,0,2,2,2,2,2,2,2,2,2,2,0,0,2.0,2,2,2,0,0,0,NA,2,NA,0,2,2,2,2,2,2,0,0,0,2,2,0.0,0,0.0,0,0,2,0,2.0,2,0,0,2,0,2,2,2,2.0,0,0.0,0,2,2,0,NA,0,2.0,0,2,2,2,0,2.0,0,NA,2.0,2,2,0,2,2.0,NA,0,2,0,0.0,0,0,0,2.0,NA,0,2,2,0,0.0,0.0,2,2,2,NA,0,0,0,0.0,2,0,0,0,0,2,2,0,0,0,0,0,2,0,0,0,0,2,0,0,2,0,0,0,0,2,NA,0,2,2,2,2,2,0,0,2
RSM_1_9.95,G,T,2,2,0,0,2,2,0,0,2,2,0,0,2,2,0,0,0,0,0,0,0,2,0.0,2.0,NA,0,2,2,0,0,2,2,2.0,2,0.0,2,2,0,2,2,2,0,2,2,2,2,2,2,2,2,2,2,0,0,2.0,2,2,2,0,0,0,NA,2,NA,0,2,2,2,2,2,2,0,0,0,2,2,0.0,0,0.0,0,0,2,0,2.0,2,0,0,2,0,0,2,2,2.0,0,0.0,0,2,2,0,NA,0,2.0,0,2,2,2,0,2.0,0,NA,2.0,2,2,0,2,2.0,0.0,0,2,0,0.0,0,0,0,2.0,NA,0,2,2,0,0.0,0.0,2,2,2,NA,0,0,0,0.0,2,0,0,0,0,2,2,0,0,0,0,0,2,0,0,0,0,2,0,0,2,0,0,0,0,2,NA,0,2,2,2,2,2,0,0,2
RSM_1_10.05,C,C,2,2,0,0,2,2,0,0,2,2,0,0,2,2,0,0,0,0,0,0,0,2,NA,2.0,0.0,0,2,2,0,0,2,2,2.0,2,0.0,2,2,0,2,2,2,0,2,2,2,2,2,2,2,2,2,2,0,0,2.0,2,2,2,0,0,0,NA,2,NA,0,2,2,2,2,2,2,0,0,0,2,2,0.0,0,0.0,0,0,2,0,2.0,2,0,0,2,0,0,2,2,2.0,0,0.0,0,2,2,0,NA,0,2.0,0,2,2,2,0,2.0,0,NA,2.0,2,2,0,2,2.0,0.0,0,2,0,0.0,0,0,0,2.0,NA,0,2,2,0,0.0,0.0,2,2,2,NA,0,0,0,0.0,2,0,0,0,0,2,2,0,0,0,0,0,2,0,0,0,0,2,0,0,2,0,0,0,0,2,NA,0,2,2,2,2,2,0,0,2
RSM_1_10.25,A,G,2,2,0,0,2,2,0,0,2,2,0,0,2,2,0,0,0,0,0,0,0,2,NA,2.0,0.0,0,2,2,0,0,2,2,2.0,2,0.0,2,2,0,0,2,2,0,2,2,2,2,2,2,2,2,2,2,0,0,2.0,2,2,2,0,2,0,NA,2,NA,0,2,2,2,2,2,2,0,0,0,2,2,2.0,0,0.0,0,0,2,0,2.0,2,0,0,2,0,0,2,2,2.0,0,0.0,0,2,2,0,NA,0,2.0,0,2,2,2,0,2.0,0,NA,2.0,2,2,0,2,2.0,0.0,0,2,0,0.0,0,0,0,2.0,NA,0,2,2,0,0.0,0.0,2,2,2,NA,0,0,2,NA,2,0,0,0,0,2,2,0,0,0,0,0,2,0,0,0,0,2,0,0,2,0,0,0,0,2,NA,0,2,2,2,2,2,0,0,2
RSM_1_10.35,T,T,2,2,0,0,2,2,0,0,2,2,0,0,2,2,0,0,0,0,0,0,0,2,NA,2.0,0.0,0,2,2,0,0,2,2,2.0,2,0.0,2,2,0,0,2,2,0,2,2,2,2,2,2,2,2,2,2,0,0,2.0,2,2,2,0,2,0,NA,2,NA,0,2,2,2,2,2,2,0,0,0,2,2,2.0,0,0.0,0,0,2,0,2.0,2,0,0,2,0,0,2,2,2.0,0,0.0,0,2,2,0,NA,0,2.0,0,2,2,2,0,2.0,0,NA,2.0,2,2,0,2,2.0,0.0,0,2,0,0.0,0,0,0,2.0,NA,0,2,2,0,0.0,0.0,2,2,2,NA,0,0,2,NA,2,0,0,0,0,2,2,0,0,0,0,0,2,0,0,0,0,2,0,0,2,0,0,0,0,2,NA,0,2,2,2,2,2,0,0,2
RSM_1_10.45,C,C,2,2,0,0,2,2,0,0,2,2,0,0,2,2,0,0,0,0,0,0,0,2,NA,2.0,0.0,0,2,2,0,0,2,2,2.0,2,0.0,2,2,0,0,2,2,0,2,2,2,2,2,2,2,2,2,2,0,0,2.0,2,2,2,2,2,0,NA,2,NA,0,2,2,2,2,2,2,0,0,0,2,2,2.0,0,0.0,0,0,2,0,2.0,2,0,0,2,0,0,2,2,2.0,0,0.0,0,2,2,0,NA,0,2.0,0,2,2,2,0,2.0,0,NA,2.0,2,2,0,2,2.0,0.0,0,2,0,0.0,0,0,0,2.0,NA,0,2,2,0,0.0,0.0,2,0,2,2.0,0,0,2,NA,2,0,0,0,0,2,2,0,0,2,0,0,2,0,0,0,0,2,0,0,2,0,0,0,0,2,NA,0,2,2,2,2,2,0,0,2
RSM_1_10.65,T,C,2,2,0,0,2,2,0,0,2,2,0,0,2,2,0,0,0,0,0,2,0,2,NA,2.0,0.0,0,2,2,0,0,2,2,2.0,2,0.0,2,2,0,0,2,2,0,2,2,2,2,2,2,2,2,2,2,0,0,2.0,2,2,2,2,2,0,NA,2,NA,0,2,2,2,2,2,2,0,0,0,2,2,2.0,0,0.0,0,0,2,0,2.0,2,0,0,2,0,0,2,2,2.0,0,0.0,0,2,2,0,NA,0,2.0,0,2,2,2,0,2.0,0,NA,2.0,2,2,0,2,2.0,0.0,0,2,0,0.0,0,0,0,2.0,2.0,0,2,2,0,0.0,0.0,2,0,2,2.0,0,0,2,NA,2,0,0,0,0,2,2,0,0,2,0,0,2,0,0,0,0,2,0,0,2,0,0,0,0,2,NA,0,2,2,2,2,2,0,0,2
RSM_1_10.75,T,G,2,2,0,0,2,2,0,0,2,2,0,0,2,2,0,0,0,0,0,2,0,2,NA,2.0,0.0,0,2,2,0,0,2,2,2.0,2,0.0,2,2,0,0,2,2,0,2,2,2,2,2,2,2,2,2,2,0,0,2.0,2,2,2,2,2,0,NA,2,NA,0,2,2,2,2,2,2,0,0,0,2,2,2.0,0,0.0,0,0,2,0,2.0,2,0,0,2,0,0,2,2,2.0,0,0.0,0,2,2,0,NA,0,2.0,0,2,2,2,0,2.0,0,NA,2.0,2,2,0,2,2.0,0.0,0,2,0,0.0,0,0,0,2.0,2.0,0,2,2,0,0.0,0.0,2,0,2,2.0,0,0,2,NA,2,0,0,0,0,2,2,0,0,2,0,0,2,0,0,0,0,2,0,0,2,0,0,0,0,2,NA,0,2,2,2,2,2,0,0,2
RSM_1_11.05,A,C,2,2,0,0,2,2,0,0,2,2,0,0,2,2,0,0,0,0,0,2,0,2,NA,2.0,0.0,0,2,2,0,0,2,2,2.0,2,0.0,2,2,0,0,2,2,0,2,0,2,2,2,2,0,2,2,2,0,0,2.0,2,2,2,2,2,0,NA,2,NA,0,2,2,2,2,2,2,0,0,0,2,2,2.0,0,0.0,2,0,2,0,2.0,2,0,0,2,0,0,2,2,2.0,0,0.0,0,2,2,2,NA,0,2.0,0,2,2,2,0,2.0,0,NA,2.0,2,2,0,2,2.0,0.0,0,2,0,0.0,0,0,0,2.0,2.0,0,2,2,2,2.0,0.0,2,0,2,2.0,2,0,2,NA,2,0,0,0,0,2,2,0,0,2,0,0,2,0,0,0,0,2,0,0,2,0,2,0,0,2,NA,0,2,2,2,2,2,0,0,2
RSM_1_11.15,C,T,2,2,0,0,2,2,0,0,2,2,0,0,2,2,0,0,0,0,0,2,2,2,NA,2.0,0.0,0,2,2,0,0,2,2,2.0,2,0.0,2,2,0,0,2,0,0,2,0,2,2,2,2,0,2,2,2,0,0,2.0,2,2,2,2,2,0,NA,2,NA,0,2,2,2,2,2,2,0,0,0,2,2,2.0,0,0.0,2,0,2,0,2.0,2,0,0,2,0,0,2,2,2.0,0,0.0,0,2,2,2,NA,0,2.0,0,2,2,0,0,2.0,0,NA,2.0,2,2,0,2,0.0,0.0,0,2,0,0.0,0,0,0,2.0,2.0,0,2,2,2,2.0,0.0,2,0,2,2.0,2,0,2,NA,2,0,0,0,0,2,2,0,0,2,0,0,2,0,0,0,0,2,0,0,2,0,2,0,0,2,NA,0,2,2,2,2,2,0,0,2
RSM_1_11.25,A,G,2,2,0,0,2,2,0,0,2,2,0,0,2,2,0,0,0,0,0,2,2,2,NA,2.0,0.0,0,2,2,0,0,2,2,2.0,2,0.0,2,2,0,0,2,0,2,2,0,2,2,2,2,0,2,2,2,0,0,2.0,2,2,2,2,2,0,NA,2,NA,0,2,2,2,2,2,2,0,0,0,2,2,2.0,0,0.0,2,0,2,0,2.0,2,0,0,2,0,0,2,2,2.0,0,0.0,0,2,2,0,NA,0,2.0,0,2,2,0,0,2.0,0,NA,2.0,2,2,0,2,0.0,0.0,0,2,0,0.0,2,0,0,2.0,2.0,0,2,2,2,2.0,0.0,2,0,2,2.0,2,0,2,NA,2,0,0,0,0,2,2,0,0,2,0,0,2,0,0,0,0,2,0,0,2,0,2,0,0,2,2.0,0,2,2,2,2,2,0,0,2
RSM_1_11.35,T,C,2,2,0,0,2,2,0,0,2,2,0,0,2,2,0,0,0,0,0,2,2,2,NA,2.0,0.0,0,2,2,0,0,2,2,2.0,2,0.0,2,2,0,0,2,0,2,2,0,2,2,2,2,0,2,0,2,0,0,2.0,2,2,2,2,2,0,NA,2,NA,0,2,2,2,2,2,2,0,0,0,2,2,2.0,0,0.0,2,0,2,0,2.0,2,0,0,2,0,0,2,2,2.0,0,0.0,0,2,2,0,NA,0,2.0,0,2,2,0,0,2.0,0,NA,2.0,2,2,0,2,0.0,0.0,0,2,0,0.0,2,0,0,2.0,2.0,0,2,2,2,2.0,0.0,2,0,2,2.0,2,0,2,NA,2,0,0,0,0,2,2,0,0,2,0,0,2,0,2,0,0,2,0,0,2,0,2,0,0,2,2.0,0,2,2,2,2,2,0,0,2
RSM_1_11.45,A,C,2,2,0,0,2,2,0,0,2,2,0,0,2,2,0,0,0,0,0,2,2,2,NA,2.0,0.0,0,2,2,0,0,2,2,2.0,2,0.0,2,2,0,0,2,0,2,2,0,2,2,2,2,0,2,0,2,0,0,2.0,2,2,2,2,2,0,NA,2,0.0,0,2,2,2,2,2,2,0,0,0,2,2,2.0,0,0.0,2,0,2,0,2.0,2,0,0,2,0,0,2,2,2.0,0,0.0,0,2,0,0,NA,0,2.0,0,2,2,0,0,2.0,0,NA,NA,2,2,0,2,0.0,0.0,0,2,0,0.0,2,0,0,2.0,2.0,0,2,2,2,2.0,0.0,2,0,2,2.0,2,0,2,NA,2,0,0,0,0,2,2,0,0,2,0,0,2,0,2,0,0,2,0,0,2,0,2,0,0,2,2.0,0,2,2,2,2,2,0,0,2
RSM_1_11.55,T,C,2,2,0,0,2,2,0,0,2,2,0,0,2,2,0,0,0,0,0,2,2,2,NA,2.0,0.0,0,2,2,0,0,2,2,2.0,2,0.0,2,2,0,0,2,0,2,2,0,2,2,2,2,0,2,0,2,0,0,2.0,2,2,2,2,2,0,NA,2,0.0,0,2,2,2,2,2,2,0,0,0,2,2,2.0,0,0.0,2,0,2,0,2.0,2,0,0,2,0,0,2,2,2.0,0,0.0,0,2,0,0,NA,0,2.0,0,2,2,0,0,2.0,0,NA,NA,2,2,0,2,0.0,0.0,0,2,0,0.0,2,0,0,2.0,2.0,0,2,2,2,2.0,0.0,2,0,2,2.0,2,0,2,NA,2,0,0,0,0,2,2,0,0,2,0,0,2,0,2,2,0,2,0,0,2,0,2,0,0,2,2.0,0,2,2,0,2,2,0,0,2
RSM_1_11.65,T,C,2,2,0,0,2,2,0,0,2,2,0,0,2,2,0,0,0,0,0,2,2,2,NA,2.0,0.0,0,2,2,0,0,2,2,2.0,2,0.0,2,2,0,0,2,0,2,2,0,2,2,2,2,0,2,0,2,0,0,2.0,2,2,2,2,2,0,NA,2,0.0,0,2,2,2,2,2,2,0,0,0,2,2,2.0,0,0.0,2,0,2,0,2.0,2,0,0,2,0,0,2,2,2.0,0,0.0,0,2,0,0,NA,0,2.0,0,2,2,0,0,2.0,0,NA,NA,2,2,0,2,0.0,0.0,0,2,0,0.0,2,0,0,2.0,2.0,0,2,2,2,2.0,0.0,2,0,2,2.0,2,0,2,NA,2,0,0,0,0,2,2,0,0,2,0,0,2,0,2,2,0,2,0,0,2,0,2,0,0,2,2.0,0,2,2,0,2,2,0,0,2
RSM_1_11.75,T,C,2,2,0,0,2,2,0,0,2,2,0,0,2,2,0,0,0,0,0,2,2,2,NA,2.0,0.0,0,2,2,0,0,2,2,2.0,2,0.0,2,2,0,0,2,0,2,2,0,2,2,2,2,0,2,0,2,0,0,2.0,2,2,2,2,2,0,NA,2,0.0,0,2,2,2,2,2,2,0,0,0,2,2,2.0,0,0.0,2,0,2,2,2.0,2,0,0,2,0,0,2,2,2.0,0,0.0,0,2,0,0,NA,0,2.0,0,2,2,0,0,2.0,0,NA,NA,2,2,0,2,0.0,0.0,0,2,0,0.0,2,0,0,2.0,2.0,0,2,2,2,2.0,0.0,2,0,2,2.0,2,0,2,NA,2,0,0,0,0,2,2,0,0,2,0,0,2,0,2,2,0,2,0,0,2,0,2,0,0,2,2.0,0,2,2,0,2,2,0,0,2
RSM_1_11.85,A,C,2,2,0,0,2,2,0,0,2,2,0,0,2,2,0,0,0,0,0,2,2,2,NA,2.0,0.0,0,0,2,0,0,2,2,2.0,2,0.0,2,2,0,0,2,0,2,2,0,2,2,2,2,0,2,0,2,0,0,2.0,2,2,2,2,2,0,NA,2,0.0,0,2,2,2,2,2,2,0,0,0,2,2,2.0,0,0.0,2,0,2,2,2.0,2,0,0,2,0,0,2,2,2.0,0,0.0,0,2,0,0,NA,0,2.0,0,2,2,0,0,2.0,0,NA,NA,2,2,0,2,0.0,0.0,0,2,0,0.0,2,0,0,2.0,2.0,0,2,2,2,2.0,0.0,2,0,2,2.0,2,0,2,NA,2,0,0,0,0,2,2,0,0,2,0,0,2,0,2,2,0,2,0,0,2,0,2,0,0,2,2.0,0,2,2,0,2,2,0,0,2
RSM_1_11.95,A,G,2,2,0,0,2,2,0,0,2,2,0,0,2,2,0,0,0,0,0,2,2,2,NA,2.0,0.0,0,0,2,0,0,2,2,2.0,2,0.0,2,2,0,0,2,0,2,2,0,2,2,2,2,0,2,0,2,0,0,2.0,2,2,2,2,2,0,NA,2,0.0,0,2,2,2,2,2,2,0,0,0,2,2,2.0,0,0.0,2,0,2,2,2.0,2,0,0,2,0,0,2,2,2.0,0,0.0,2,2,0,0,NA,0,2.0,0,2,2,0,0,2.0,0,NA,NA,2,2,0,2,0.0,0.0,0,2,0,0.0,2,0,0,2.0,2.0,0,2,2,2,2.0,0.0,2,0,2,2.0,2,0,2,NA,2,0,0,0,0,2,2,0,0,2,0,0,2,0,2,2,0,2,0,0,2,0,2,0,0,2,2.0,0,2,2,0,2,2,0,0,2
RSM_1_12.05,T,C,2,2,0,0,2,2,0,0,2,2,0,0,2,2,0,0,0,0,0,2,2,2,NA,2.0,0.0,0,0,2,0,0,2,2,2.0,2,0.0,2,2,0,0,2,0,2,2,0,2,2,2,2,0,2,0,2,0,0,2.0,2,2,2,2,2,0,NA,2,0.0,0,2,2,2,2,2,2,0,0,0,2,2,2.0,0,0.0,2,0,2,2,2.0,2,0,0,2,0,0,2,2,2.0,0,0.0,2,2,0,0,NA,0,0.0,0,2,2,0,0,2.0,0,2.0,NA,2,2,0,2,0.0,0.0,0,2,0,0.0,2,2,0,2.0,2.0,0,2,0,2,2.0,0.0,2,0,2,2.0,2,0,2,NA,2,0,0,0,0,2,2,0,0,2,0,0,2,0,2,2,0,2,0,0,2,0,2,0,0,2,2.0,0,2,2,0,2,2,0,0,2
RSM_1_12.15,G,A,2,2,0,0,2,2,0,0,2,2,0,0,2,2,0,0,0,0,0,2,2,2,NA,2.0,0.0,0,0,2,0,0,2,2,2.0,2,0.0,2,2,0,0,2,0,2,2,0,2,2,2,2,0,2,0,2,0,0,2.0,2,2,2,2,2,0,NA,2,0.0,0,2,2,2,2,2,2,0,0,0,2,2,2.0,0,0.0,2,0,2,2,2.0,2,0,0,2,0,0,2,2,2.0,0,0.0,2,2,0,0,NA,0,0.0,0,2,2,0,0,2.0,0,2.0,NA,2,2,0,2,0.0,0.0,0,2,0,0.0,2,2,0,2.0,2.0,0,2,0,2,2.0,0.0,2,0,2,2.0,2,0,2,NA,2,0,0,0,0,2,2,0,0,2,0,0,2,0,2,2,0,2,0,0,2,0,2,0,0,2,2.0,0,2,2,0,2,2,0,0,2
RSM_1_12.25,G,A,2,2,0,0,2,2,0,0,2,2,0,0,2,2,0,0,0,0,0,2,2,2,NA,NA,0.0,0,0,2,0,0,2,2,2.0,2,0.0,2,2,0,0,2,0,2,2,0,2,2,2,2,0,2,0,2,0,0,2.0,2,2,2,2,2,0,NA,2,0.0,0,2,2,2,2,2,2,0,0,0,2,2,2.0,0,0.0,2,0,2,2,2.0,2,0,0,2,0,0,2,2,2.0,0,0.0,2,2,0,0,NA,0,0.0,0,2,2,0,0,2.0,0,2.0,NA,2,2,0,2,0.0,0.0,0,2,0,0.0,2,2,0,2.0,2.0,0,2,0,2,2.0,0.0,2,0,2,2.0,2,0,2,NA,2,0,0,0,0,2,2,0,0,2,0,0,2,0,2,2,0,2,0,0,2,0,2,0,0,2,2.0,0,2,2,0,2,2,0,0,2
RSM_1_12.35,T,G,2,2,0,0,2,2,0,0,2,2,0,0,2,2,0,0,0,0,0,2,2,2,NA,NA,2.0,0,0,2,0,0,2,2,2.0,2,0.0,2,0,0,0,2,0,2,2,0,2,2,2,2,0,2,0,2,0,0,2.0,2,2,2,2,2,0,NA,2,0.0,0,2,2,2,2,2,2,0,0,0,2,2,2.0,0,0.0,2,0,2,2,2.0,2,0,0,2,0,0,2,2,2.0,0,0.0,2,2,0,0,NA,0,0.0,0,2,2,0,0,2.0,0,2.0,NA,2,2,0,2,0.0,0.0,0,2,0,0.0,2,2,0,2.0,2.0,0,2,0,2,2.0,0.0,2,0,2,2.0,2,0,2,NA,2,0,0,0,0,2,2,0,0,2,0,0,2,0,2,2,0,2,0,0,2,0,2,0,0,2,2.0,0,2,2,0,2,2,0,0,2
RSM_1_12.45,A,C,2,2,0,0,2,2,0,0,2,2,0,0,2,2,0,0,0,0,0,2,2,2,NA,NA,2.0,0,0,2,0,0,2,2,2.0,2,0.0,2,0,0,0,2,0,2,2,0,2,2,2,2,0,2,0,2,0,0,2.0,2,2,2,2,2,0,NA,2,0.0,0,2,2,2,2,2,2,0,0,0,2,2,2.0,0,0.0,2,0,2,2,2.0,2,0,0,2,0,0,0,2,2.0,0,0.0,2,2,0,0,NA,0,0.0,0,2,2,0,0,2.0,0,2.0,NA,2,2,0,2,0.0,0.0,0,2,0,0.0,2,2,0,2.0,2.0,0,2,0,2,2.0,0.0,2,0,2,2.0,2,0,2,NA,2,0,0,0,0,2,2,0,0,2,0,0,2,0,2,2,0,2,0,0,0,0,2,0,0,2,2.0,0,2,2,0,2,2,0,0,2
RSM_1_12.55,A,G,2,2,0,0,2,2,0,0,2,2,0,0,2,2,0,0,0,0,0,2,2,2,NA,NA,2.0,0,0,2,0,0,2,2,2.0,2,0.0,2,0,0,0,2,2,2,2,0,2,2,2,2,0,2,0,2,0,0,2.0,2,2,2,2,2,0,NA,2,0.0,0,2,2,2,2,2,2,0,0,0,2,2,2.0,0,0.0,2,0,2,2,2.0,2,0,0,2,0,0,0,2,2.0,0,0.0,2,2,0,0,NA,0,0.0,0,2,2,0,0,2.0,0,2.0,NA,2,2,0,2,0.0,0.0,0,2,0,0.0,2,2,0,2.0,2.0,0,2,0,2,2.0,0.0,2,0,2,2.0,2,0,2,2.0,2,2,0,0,0,2,2,0,0,2,0,0,2,0,2,2,0,2,0,0,0,0,2,0,0,0,2.0,0,2,2,0,2,2,0,0,2
RSM_1_12.65,G,A,2,2,0,0,2,2,0,0,2,2,0,0,2,2,0,0,0,0,0,2,2,2,NA,NA,2.0,0,0,2,0,0,2,2,2.0,2,0.0,2,0,0,0,2,2,2,2,0,2,2,2,2,0,2,0,2,0,0,2.0,2,2,2,0,2,0,NA,2,0.0,0,2,2,2,2,2,2,0,0,0,2,2,2.0,0,0.0,2,0,2,2,2.0,2,0,0,2,0,0,0,2,2.0,0,0.0,0,2,0,0,NA,0,0.0,0,2,2,0,0,2.0,0,2.0,NA,2,2,0,2,0.0,0.0,0,2,0,0.0,2,2,0,2.0,2.0,0,2,0,2,2.0,0.0,2,0,2,2.0,2,0,2,2.0,2,2,0,0,0,2,2,0,0,2,0,0,2,0,2,2,0,2,0,0,0,0,2,0,0,0,2.0,2,2,2,0,2,2,0,2,2
RSM_1_12.75,G,C,2,2,0,0,2,2,0,0,2,2,0,0,2,2,0,0,0,0,0,2,2,2,NA,NA,2.0,0,0,2,0,0,2,2,2.0,2,0.0,2,0,0,0,2,2,2,2,0,2,2,2,2,0,2,0,2,0,0,2.0,2,2,2,0,2,0,NA,2,0.0,0,2,2,2,2,2,2,0,0,0,2,2,2.0,0,0.0,2,0,2,2,2.0,2,0,0,2,0,0,0,2,2.0,0,0.0,0,2,0,0,2.0,0,0.0,0,2,2,0,0,2.0,0,2.0,NA,2,2,0,2,0.0,0.0,0,2,0,0.0,2,2,0,2.0,2.0,0,2,0,2,2.0,0.0,2,0,2,2.0,2,0,2,2.0,2,2,0,0,0,2,2,0,0,2,0,0,2,0,2,2,0,2,0,0,0,0,2,0,0,0,2.0,2,2,2,0,2,2,0,2,2
RSM_1_12.85,T,C,2,2,0,0,2,2,0,0,2,2,0,0,2,2,0,0,0,0,0,2,2,2,NA,NA,2.0,0,0,2,0,0,2,2,2.0,2,0.0,2,0,0,0,2,2,2,2,0,2,2,2,2,0,2,0,2,0,0,2.0,2,2,2,0,2,0,NA,2,0.0,0,2,2,2,2,2,2,0,0,0,2,2,2.0,0,0.0,2,0,2,2,2.0,2,0,0,2,0,0,0,2,2.0,0,0.0,0,2,0,0,2.0,0,0.0,0,2,2,0,0,2.0,0,2.0,NA,2,2,0,2,0.0,0.0,0,2,0,0.0,2,2,0,2.0,2.0,0,2,0,2,2.0,0.0,2,0,2,2.0,2,0,2,2.0,2,2,0,0,0,2,2,0,0,2,0,0,2,0,2,2,0,2,0,0,0,0,2,0,0,0,2.0,2,2,2,0,2,2,0,2,2
RSM_1_12.95,T,A,2,2,0,0,2,2,0,0,2,2,0,0,2,2,0,0,0,0,0,2,2,2,NA,NA,2.0,0,0,2,0,0,2,2,2.0,2,0.0,2,0,0,0,2,2,2,2,0,2,2,2,2,0,2,0,2,0,0,2.0,2,2,2,0,2,0,NA,2,0.0,0,2,2,2,2,2,2,0,0,0,2,2,2.0,0,0.0,2,0,2,2,2.0,2,0,0,2,0,0,0,2,2.0,0,0.0,0,2,0,0,2.0,0,0.0,0,2,2,0,0,2.0,0,2.0,NA,2,2,0,2,0.0,0.0,0,2,0,0.0,2,2,0,2.0,2.0,0,2,0,2,2.0,0.0,2,0,2,2.0,2,0,2,2.0,2,2,0,0,0,2,2,0,0,2,0,0,2,0,2,2,0,2,0,0,0,0,2,0,0,0,2.0,2,2,2,0,2,2,0,2,2
RSM_1_13.05,G,T,2,2,0,0,2,2,0,0,2,2,0,0,2,2,0,0,0,0,0,2,2,2,NA,NA,2.0,0,0,2,0,0,0,2,2.0,2,0.0,2,0,0,0,2,2,2,2,0,2,2,2,2,0,2,0,2,0,0,2.0,2,2,2,0,2,0,NA,2,0.0,0,2,2,2,2,2,2,0,0,0,2,2,2.0,0,0.0,0,0,2,2,2.0,2,0,0,2,0,0,0,2,NA,0,0.0,0,2,0,0,2.0,0,0.0,0,2,2,0,0,2.0,0,2.0,NA,2,2,0,2,0.0,0.0,0,2,0,0.0,2,2,0,2.0,2.0,0,2,0,2,2.0,0.0,2,0,2,2.0,2,0,2,2.0,2,0,0,0,2,2,2,0,0,2,0,0,2,0,2,2,0,2,0,0,0,0,2,0,2,0,2.0,2,2,2,0,2,2,0,2,2
RSM_1_13.15,T,C,2,2,0,0,2,2,0,0,2,2,0,0,2,2,0,0,0,0,0,2,2,2,NA,NA,2.0,0,0,2,0,0,0,2,2.0,2,0.0,2,0,0,0,2,2,2,2,0,2,2,2,2,0,2,0,2,0,0,2.0,2,2,2,0,2,0,NA,0,0.0,0,2,2,2,2,2,2,0,0,0,2,2,2.0,0,0.0,0,0,2,2,2.0,2,0,0,2,0,0,0,2,NA,0,0.0,0,2,0,0,2.0,0,0.0,0,2,2,2,0,2.0,0,2.0,NA,2,2,0,2,0.0,0.0,0,2,0,0.0,2,2,0,2.0,2.0,0,2,0,2,2.0,0.0,0,0,2,2.0,2,0,2,2.0,2,0,0,0,2,2,2,0,0,2,0,0,2,0,2,2,0,2,0,0,0,0,2,0,2,0,2.0,2,2,2,0,2,2,0,2,2
RSM_1_13.25,T,C,2,2,0,0,2,2,0,0,2,2,0,0,2,2,0,0,0,0,0,2,2,2,NA,NA,2.0,0,0,2,0,0,0,2,2.0,2,0.0,2,0,0,0,2,2,2,2,0,2,2,2,2,0,2,0,2,0,0,2.0,2,2,2,0,2,0,NA,0,0.0,0,2,2,2,2,2,2,0,0,0,2,2,2.0,0,0.0,0,0,2,2,2.0,2,0,0,2,0,0,0,2,NA,0,0.0,0,2,0,0,2.0,0,0.0,0,2,2,2,0,2.0,0,2.0,NA,2,2,0,2,0.0,0.0,0,2,0,0.0,2,2,0,2.0,2.0,0,2,0,2,2.0,0.0,0,0,2,2.0,2,0,2,2.0,2,0,0,0,2,2,2,0,0,2,0,0,2,0,2,2,0,2,0,0,0,0,2,0,2,0,2.0,2,2,2,0,2,2,0,2,2
RSM_1_13.45,G,T,2,2,0,0,2,2,0,0,2,2,0,0,2,2,0,0,0,0,0,2,2,2,NA,NA,2.0,0,0,2,0,0,0,2,2.0,2,0.0,2,0,0,0,2,2,2,2,0,2,2,2,2,0,2,0,2,0,0,2.0,2,2,2,0,2,0,NA,0,0.0,0,2,2,2,2,2,2,0,0,0,2,2,2.0,0,0.0,0,0,2,2,2.0,2,0,0,2,2,0,0,2,NA,0,0.0,0,2,0,0,2.0,0,0.0,0,0,2,2,0,2.0,0,2.0,NA,2,2,0,2,0.0,0.0,0,2,2,0.0,2,2,0,2.0,2.0,0,2,0,2,2.0,0.0,0,0,2,2.0,2,0,2,2.0,2,0,0,0,2,2,2,0,0,2,0,0,2,0,2,2,0,2,0,0,0,0,2,0,2,0,2.0,2,2,2,0,2,2,0,2,2
RSM_1_13.55,C,A,2,2,0,0,2,2,0,0,2,2,0,0,2,2,0,0,0,0,0,2,2,2,NA,NA,2.0,0,0,2,0,0,0,2,2.0,2,0.0,2,0,0,0,2,2,2,2,0,2,2,2,2,0,2,0,2,0,0,2.0,2,2,2,0,2,0,NA,0,0.0,0,2,2,2,2,2,2,0,0,0,2,2,2.0,2,0.0,0,0,2,2,2.0,2,0,0,2,2,0,0,2,NA,0,0.0,0,2,0,0,2.0,0,0.0,0,0,2,2,0,2.0,0,2.0,NA,2,2,0,2,0.0,0.0,0,2,2,0.0,2,2,0,2.0,2.0,0,2,0,2,2.0,0.0,0,0,2,2.0,2,0,2,2.0,2,0,0,0,2,2,2,0,0,2,0,0,2,0,2,2,0,2,0,0,0,0,2,0,2,0,2.0,2,2,2,0,2,2,0,2,2
RSM_1_13.65,G,A,2,2,0,0,2,2,0,0,2,2,0,0,2,2,0,0,0,0,0,2,2,2,NA,NA,2.0,0,0,2,0,0,0,2,2.0,2,0.0,2,0,0,0,2,2,2,2,0,2,2,2,2,0,2,0,2,0,0,2.0,2,2,2,0,2,0,NA,0,0.0,0,2,2,2,2,2,2,0,0,0,2,2,2.0,2,0.0,0,0,2,2,2.0,2,0,0,2,2,0,0,2,NA,0,0.0,0,2,0,0,2.0,0,0.0,0,0,2,2,0,2.0,0,2.0,NA,2,2,0,2,0.0,0.0,0,2,2,0.0,2,2,0,2.0,2.0,0,2,0,2,2.0,0.0,0,0,2,2.0,2,0,2,2.0,2,0,0,0,2,2,2,0,0,2,0,0,2,0,2,2,0,2,0,0,0,0,2,0,2,0,2.0,2,2,2,0,2,2,0,2,2
RSM_1_14.05,T,C,2,2,0,0,2,2,0,0,2,2,0,0,2,2,0,0,0,0,0,2,2,2,NA,NA,2.0,0,0,2,0,0,0,2,2.0,2,0.0,2,0,0,0,2,2,2,2,0,2,2,2,2,0,2,0,2,0,0,2.0,2,2,2,0,2,0,NA,0,0.0,0,2,2,2,2,2,2,0,0,0,2,2,2.0,2,0.0,0,0,2,2,2.0,2,0,0,2,2,0,0,2,NA,0,0.0,0,2,0,0,2.0,0,0.0,0,0,2,2,0,2.0,0,2.0,NA,2,2,0,2,0.0,0.0,0,2,2,0.0,2,2,0,2.0,2.0,0,2,0,2,2.0,0.0,0,0,2,2.0,2,0,2,2.0,2,0,0,0,2,2,2,0,0,2,0,0,2,0,2,2,0,2,0,0,0,0,2,0,2,0,2.0,2,2,2,0,2,2,0,2,2
RSM_1_15.85,T,C,2,2,0,0,2,2,0,0,2,2,0,0,2,2,0,0,0,0,0,2,2,2,NA,NA,2.0,0,0,2,0,0,0,2,2.0,2,0.0,2,0,0,0,2,2,2,2,0,2,2,2,2,0,2,0,2,0,0,2.0,2,2,2,0,2,0,NA,0,0.0,0,2,2,2,2,2,2,0,0,0,2,2,2.0,2,0.0,0,0,2,2,2.0,2,0,0,2,2,0,0,2,NA,0,0.0,0,2,0,0,2.0,0,0.0,0,0,2,2,0,2.0,0,2.0,NA,2,2,0,2,0.0,0.0,0,2,2,0.0,2,2,0,2.0,2.0,0,2,0,2,2.0,0.0,0,0,2,2.0,2,0,2,2.0,2,0,0,0,2,2,2,0,0,2,0,0,2,0,2,2,0,2,0,0,0,0,2,0,2,0,2.0,2,2,2,0,2,2,0,2,2
RSM_1_15.95,C,A,2,2,0,0,2,2,0,0,2,2,0,0,2,2,0,0,0,0,0,2,2,2,NA,NA,2.0,0,0,2,0,0,0,2,2.0,2,0.0,2,0,0,0,2,2,2,2,0,2,2,2,2,0,2,0,2,0,0,2.0,2,2,2,0,2,0,NA,0,0.0,0,2,2,2,2,2,2,0,0,0,2,2,2.0,2,0.0,0,0,2,2,2.0,2,0,0,2,2,0,0,2,NA,0,0.0,0,2,0,0,2.0,0,0.0,0,0,2,2,0,2.0,0,2.0,NA,2,2,0,2,0.0,0.0,0,2,2,0.0,2,2,0,2.0,2.0,0,2,0,2,2.0,0.0,0,0,2,2.0,2,0,2,2.0,2,0,0,0,2,2,2,0,0,2,0,0,2,0,2,2,0,2,0,0,0,0,2,0,2,0,2.0,2,2,2,0,2,2,0,2,2
RSM_1_16.15,T,C,2,2,0,0,2,2,0,0,2,2,0,0,2,2,0,0,0,0,0,2,2,2,NA,NA,2.0,0,0,2,0,0,0,2,2.0,2,0.0,2,0,0,0,2,2,2,2,0,2,2,2,0,0,2,0,2,0,0,2.0,2,2,2,0,2,0,NA,0,0.0,0,2,2,2,2,2,2,0,0,0,2,2,2.0,2,0.0,0,0,2,2,2.0,2,0,0,2,2,0,0,2,NA,0,0.0,0,2,0,0,2.0,0,0.0,0,0,2,2,0,2.0,0,2.0,NA,2,2,0,2,0.0,0.0,0,2,2,0.0,2,2,0,2.0,2.0,0,2,0,2,2.0,0.0,0,0,2,2.0,2,0,2,2.0,2,0,0,0,2,2,2,0,0,2,0,0,2,0,2,2,0,2,0,2,0,0,2,0,2,0,2.0,2,2,2,0,2,2,0,2,2
RSM_1_16.25,A,C,2,2,0,0,2,2,0,0,2,2,0,0,2,2,0,0,0,0,0,2,2,2,NA,NA,2.0,0,0,2,0,0,0,2,2.0,2,0.0,2,0,0,0,2,2,2,2,0,2,2,2,0,0,2,0,2,0,0,2.0,2,2,2,0,2,0,NA,0,0.0,0,2,2,2,2,2,2,0,0,0,2,2,2.0,2,0.0,0,0,2,2,2.0,2,0,0,2,2,0,0,2,NA,0,0.0,0,2,0,0,2.0,0,0.0,0,0,2,2,0,2.0,0,2.0,NA,2,2,0,2,0.0,0.0,0,2,2,0.0,2,2,0,2.0,2.0,0,2,0,2,2.0,0.0,0,0,2,2.0,2,0,2,2.0,2,0,0,0,2,2,2,0,0,2,0,0,2,0,2,2,0,2,0,2,0,0,2,0,2,0,2.0,2,2,2,0,2,2,0,2,2
RSM_1_16.35,C,A,2,2,0,0,2,2,0,0,2,2,0,0,2,2,0,0,0,0,0,2,2,2,NA,NA,2.0,0,0,2,0,0,0,2,2.0,2,0.0,2,0,0,0,2,2,2,2,0,2,2,2,0,0,2,0,2,0,0,2.0,2,2,2,0,2,0,NA,0,0.0,0,2,2,2,2,2,2,0,0,0,2,2,2.0,2,0.0,0,0,2,2,2.0,2,0,0,2,2,0,0,2,NA,0,0.0,0,2,0,0,2.0,0,0.0,0,0,2,2,0,2.0,0,2.0,NA,2,2,0,2,0.0,0.0,0,2,2,0.0,2,2,0,2.0,2.0,0,2,0,2,2.0,0.0,0,0,2,2.0,2,0,2,2.0,2,0,0,0,2,2,2,0,0,2,0,0,2,0,2,2,0,2,0,2,0,0,2,0,2,0,2.0,2,2,2,0,2,2,0,2,2
RSM_1_16.45,C,A,2,2,0,0,2,2,0,0,2,2,0,0,2,2,0,0,0,0,0,2,2,2,NA,NA,2.0,0,0,2,0,0,0,2,2.0,2,0.0,2,0,0,0,2,2,2,2,0,2,2,2,0,0,2,0,2,0,0,2.0,2,2,2,0,2,0,NA,0,0.0,0,2,2,0,2,2,2,0,0,0,2,2,2.0,2,0.0,0,0,2,2,2.0,2,0,0,2,2,0,0,2,NA,0,0.0,0,2,0,0,2.0,0,0.0,0,0,2,2,0,2.0,0,2.0,NA,2,2,0,2,0.0,0.0,0,2,2,0.0,2,2,0,2.0,2.0,0,2,0,2,2.0,0.0,0,0,2,2.0,2,0,2,2.0,2,0,2,0,2,2,2,0,0,2,0,0,2,0,2,2,0,2,0,2,0,0,2,0,2,0,2.0,2,2,2,0,2,2,0,2,2
RSM_1_16.65,C,T,2,2,0,0,2,2,0,0,2,2,0,0,2,2,0,0,0,0,0,2,2,2,NA,NA,2.0,0,0,2,0,0,0,2,2.0,2,0.0,2,0,0,0,2,2,2,2,0,2,2,2,0,0,2,0,2,0,0,2.0,2,2,2,0,2,0,NA,0,0.0,0,2,2,0,2,2,2,0,0,0,2,2,2.0,2,0.0,0,0,2,2,2.0,2,0,0,2,2,0,0,2,NA,0,0.0,0,2,0,0,2.0,0,0.0,0,0,2,2,0,2.0,0,2.0,NA,2,2,0,2,0.0,0.0,0,2,2,0.0,2,2,0,2.0,2.0,0,2,0,2,2.0,0.0,0,0,2,2.0,2,0,2,2.0,2,0,2,0,2,2,2,0,0,2,0,0,2,0,2,2,0,2,0,2,0,0,2,0,2,0,2.0,2,2,2,0,2,2,0,2,2
RSM_1_16.75,T,C,2,2,0,0,2,2,0,0,2,2,0,0,2,2,0,0,0,0,0,2,2,2,NA,NA,2.0,0,0,2,0,0,0,2,2.0,2,0.0,2,0,0,0,2,2,2,2,0,2,2,2,0,0,2,0,2,0,0,2.0,2,2,2,0,2,0,NA,0,0.0,0,2,2,0,2,2,2,0,0,0,2,2,2.0,2,0.0,0,0,2,2,2.0,2,0,0,2,2,2,0,2,NA,0,0.0,0,0,0,0,2.0,0,0.0,0,0,2,2,0,2.0,0,2.0,NA,2,2,0,2,0.0,0.0,0,2,2,0.0,2,2,0,2.0,2.0,0,2,0,2,2.0,0.0,0,0,2,2.0,2,0,2,2.0,2,0,2,0,2,2,2,0,0,2,0,0,2,0,2,2,0,2,0,2,0,0,2,0,2,0,2.0,2,2,2,0,0,2,0,2,2
RSM_1_16.85,A,G,2,2,0,0,2,2,0,0,2,2,0,0,2,2,0,0,0,0,0,2,2,2,NA,NA,2.0,0,0,2,0,0,0,2,2.0,2,0.0,2,0,0,0,2,2,2,2,0,2,2,2,0,0,2,0,2,0,0,2.0,2,2,2,0,2,0,NA,0,0.0,0,2,2,0,2,2,2,0,0,0,2,2,2.0,2,0.0,0,0,2,2,2.0,2,0,0,2,2,2,0,2,NA,0,0.0,0,0,0,0,2.0,0,0.0,0,0,2,2,0,2.0,0,2.0,NA,2,2,0,2,0.0,0.0,0,2,2,2.0,2,2,0,2.0,2.0,0,2,0,2,2.0,0.0,0,0,2,2.0,2,0,2,2.0,2,0,2,0,2,2,2,0,0,2,0,0,2,0,2,2,0,2,0,2,0,0,2,0,2,0,2.0,2,2,2,0,0,2,0,2,2
RSM_1_16.95,T,G,2,2,0,0,2,2,0,0,2,2,0,0,2,2,0,0,0,0,0,2,2,2,NA,NA,2.0,0,0,2,0,0,0,2,2.0,2,0.0,2,0,0,0,2,2,2,2,0,2,2,2,0,0,2,0,2,0,0,2.0,2,2,2,0,2,0,NA,0,0.0,0,2,2,0,2,2,2,0,0,0,0,2,2.0,2,0.0,0,0,2,2,2.0,2,0,0,2,2,2,0,2,NA,0,0.0,0,0,0,0,2.0,0,0.0,0,0,2,2,0,2.0,0,2.0,NA,2,2,0,2,0.0,0.0,0,2,2,2.0,2,2,0,2.0,2.0,2,2,0,2,2.0,0.0,0,0,2,0.0,2,0,2,2.0,2,0,2,0,2,2,2,0,0,2,0,0,2,0,2,2,0,2,0,2,2,0,2,0,2,0,2.0,2,2,2,0,0,2,0,2,2
RSM_1_17.05,T,A,2,2,0,0,2,2,0,0,2,2,0,0,2,2,0,0,0,0,0,2,2,2,NA,NA,2.0,0,0,2,0,0,0,2,2.0,2,0.0,2,0,0,0,2,2,2,2,0,2,2,2,0,0,2,0,2,0,0,2.0,2,2,2,0,2,0,NA,0,0.0,0,2,2,0,2,2,2,0,0,0,0,2,2.0,2,0.0,0,0,2,2,2.0,2,0,0,2,2,2,0,2,NA,0,0.0,0,0,0,0,0.0,0,0.0,0,0,2,2,0,2.0,0,2.0,NA,2,2,0,2,0.0,0.0,0,2,2,2.0,2,2,0,2.0,2.0,2,2,0,2,2.0,0.0,0,0,2,0.0,2,0,2,2.0,2,0,2,0,2,2,2,0,0,2,0,0,2,0,2,2,0,2,0,2,2,0,2,0,2,0,2.0,2,2,2,0,0,2,0,2,2
RSM_1_17.15,G,T,2,2,0,0,2,2,0,0,2,2,0,0,2,2,0,0,0,0,0,2,2,2,NA,NA,2.0,0,0,2,0,0,0,2,2.0,2,0.0,2,0,0,0,2,2,2,2,0,2,2,2,0,0,2,0,2,0,0,2.0,2,2,2,0,2,0,NA,0,0.0,0,2,2,0,2,2,2,0,0,0,0,2,2.0,2,0.0,0,0,2,2,2.0,2,0,0,2,2,2,0,2,NA,0,0.0,0,0,0,0,0.0,0,0.0,0,0,2,2,0,2.0,0,2.0,NA,2,2,0,2,0.0,0.0,0,2,2,2.0,2,2,0,2.0,2.0,2,2,0,2,2.0,0.0,0,0,2,0.0,2,0,2,2.0,2,0,2,0,2,2,2,0,0,2,0,0,2,0,2,2,0,2,0,2,2,0,2,0,2,0,2.0,2,2,2,0,0,2,0,2,2
RSM_1_17.25,T,C,2,2,0,0,2,2,0,0,2,2,0,0,2,2,0,0,0,0,0,2,2,2,NA,NA,2.0,0,0,2,0,0,0,2,2.0,2,0.0,2,0,0,0,2,2,2,2,0,2,2,2,0,0,2,0,0,0,0,2.0,2,2,2,0,2,0,NA,0,0.0,0,2,2,0,2,2,2,0,0,0,0,2,2.0,2,0.0,0,0,2,2,2.0,2,0,0,2,2,2,2,2,NA,0,0.0,0,0,0,0,0.0,0,0.0,0,0,2,2,0,2.0,0,2.0,NA,2,2,0,2,0.0,0.0,0,2,2,2.0,2,2,0,2.0,2.0,2,2,0,2,2.0,0.0,0,0,2,0.0,2,0,2,2.0,2,0,2,0,2,2,2,0,0,2,0,0,2,0,2,2,0,2,0,2,2,0,2,0,2,0,2.0,2,2,2,0,0,2,0,2,2
RSM_1_17.35,T,T,2,2,0,0,2,2,0,0,2,2,0,0,2,2,0,0,0,0,0,2,2,2,NA,NA,2.0,0,0,2,0,0,0,2,2.0,2,0.0,2,0,0,0,2,2,2,2,0,2,2,2,0,0,2,0,0,0,0,2.0,2,2,2,0,0,0,NA,0,0.0,0,2,2,0,2,2,2,0,0,0,0,2,2.0,2,0.0,0,2,2,2,2.0,2,0,0,2,2,2,2,2,NA,0,0.0,0,0,0,0,0.0,0,0.0,0,0,2,2,0,2.0,0,2.0,NA,2,2,0,2,0.0,0.0,0,2,2,2.0,2,2,0,2.0,2.0,2,2,0,2,2.0,0.0,0,0,2,0.0,2,0,2,2.0,2,0,2,0,2,2,2,0,0,2,0,0,2,0,2,2,0,2,0,2,2,0,2,0,2,0,2.0,2,2,2,0,0,2,0,2,2
RSM_1_17.45,T,A,2,2,0,0,2,2,0,0,2,2,0,0,2,2,0,0,0,0,0,2,2,2,NA,NA,2.0,0,0,2,0,0,0,2,2.0,2,0.0,2,0,0,0,2,2,2,2,0,2,2,2,0,0,2,0,0,0,0,2.0,2,2,2,0,0,0,NA,0,0.0,0,2,2,0,2,2,2,0,0,0,0,2,2.0,2,0.0,0,2,2,2,2.0,2,0,0,2,2,2,2,2,NA,0,0.0,0,0,0,0,0.0,0,0.0,0,0,2,2,0,2.0,0,2.0,NA,2,2,0,2,0.0,0.0,0,2,2,2.0,2,2,0,2.0,2.0,2,2,0,2,2.0,0.0,0,0,2,0.0,2,0,2,2.0,2,0,2,0,2,2,2,0,0,2,0,0,2,0,2,2,0,2,0,2,2,0,2,0,2,0,2.0,2,2,2,0,0,2,0,2,2
RSM_1_17.55,T,C,2,2,0,0,2,2,0,0,2,2,0,0,2,2,0,0,0,0,0,2,2,2,NA,NA,2.0,0,0,2,0,0,0,2,2.0,2,0.0,2,0,0,0,2,2,2,2,0,2,2,2,0,0,2,0,0,0,0,2.0,2,2,2,0,0,0,2.0,0,0.0,0,2,2,0,2,2,2,0,0,0,0,2,2.0,2,0.0,0,2,2,2,2.0,2,0,0,2,2,2,2,2,NA,0,0.0,0,0,0,0,0.0,0,0.0,0,0,2,2,0,2.0,0,2.0,NA,2,2,0,2,0.0,0.0,0,2,2,2.0,2,2,0,2.0,2.0,2,2,0,2,2.0,0.0,0,0,2,0.0,2,0,2,2.0,2,0,2,0,2,2,2,0,0,2,0,0,2,0,2,2,0,2,0,2,2,0,2,0,2,0,2.0,2,2,2,0,0,2,0,2,2
RSM_1_17.65,T,C,2,2,0,0,2,2,0,0,2,2,0,0,2,2,0,0,0,0,0,2,2,2,NA,NA,2.0,0,0,2,0,0,0,2,2.0,2,0.0,2,0,0,0,2,2,2,2,0,2,2,2,0,0,2,0,0,0,0,2.0,2,2,2,0,0,0,2.0,0,0.0,0,2,2,0,2,2,2,0,0,0,0,2,2.0,2,0.0,0,2,2,2,2.0,2,0,0,2,2,2,2,2,NA,0,0.0,0,0,0,0,0.0,0,0.0,0,0,2,2,0,2.0,0,2.0,NA,2,2,0,2,0.0,0.0,0,2,2,2.0,2,2,0,2.0,2.0,2,2,0,2,2.0,NA,0,0,2,0.0,2,0,2,2.0,2,0,2,0,2,2,2,0,0,2,0,0,2,0,2,2,0,2,0,2,2,0,2,0,2,0,2.0,2,2,2,0,0,2,0,2,0
RSM_1_17.75,A,C,2,2,0,0,2,2,0,0,2,2,0,0,2,2,0,0,0,0,0,2,2,2,NA,NA,2.0,0,0,2,0,0,0,2,2.0,2,0.0,2,0,0,0,2,2,2,2,0,2,2,2,0,0,2,0,0,0,0,2.0,2,2,2,0,0,0,2.0,0,0.0,0,2,2,0,2,2,2,0,0,0,0,2,2.0,2,0.0,0,2,2,2,2.0,2,0,0,2,2,2,2,2,NA,0,0.0,0,0,0,0,0.0,0,0.0,0,0,2,2,0,2.0,0,2.0,NA,2,2,0,2,0.0,0.0,0,2,2,2.0,2,2,0,2.0,2.0,2,2,0,2,2.0,NA,0,0,2,0.0,2,0,2,2.0,2,0,2,0,2,2,2,0,0,2,0,0,2,0,2,2,0,2,0,2,2,0,2,0,2,0,2.0,2,2,2,0,0,2,0,2,0
RSM_1_17.85,A,T,2,2,0,0,2,2,0,0,2,2,0,0,2,2,0,0,0,0,0,2,2,2,NA,NA,2.0,0,0,2,0,0,0,2,2.0,2,0.0,2,0,0,0,2,2,2,2,0,2,2,2,0,0,2,0,0,0,0,2.0,2,2,2,0,0,0,2.0,0,0.0,0,2,2,0,2,2,2,0,0,0,0,2,2.0,2,0.0,0,2,2,2,2.0,2,0,0,2,2,2,2,2,NA,0,0.0,0,0,0,0,0.0,0,0.0,0,0,2,2,0,2.0,0,2.0,NA,2,2,0,2,0.0,0.0,0,2,2,2.0,2,2,0,2.0,2.0,2,2,0,2,2.0,NA,0,0,2,0.0,2,0,2,2.0,2,0,2,0,2,2,2,0,0,2,0,0,2,0,2,2,0,2,0,2,2,0,2,0,2,0,2.0,2,2,2,0,0,2,0,2,0
RSM_1_17.95,T,A,2,2,0,0,2,2,0,0,2,2,0,0,2,2,0,0,0,0,0,2,2,2,NA,NA,2.0,0,0,2,0,0,0,2,2.0,2,0.0,2,0,0,0,2,2,2,2,0,2,2,2,0,0,2,0,0,0,0,2.0,2,2,2,0,0,0,2.0,2,0.0,0,2,2,0,2,2,2,0,0,2,0,2,2.0,2,0.0,0,2,2,2,2.0,2,0,0,2,2,2,2,2,NA,0,0.0,0,0,0,0,0.0,0,0.0,0,0,2,2,0,2.0,0,2.0,NA,2,2,0,2,0.0,0.0,0,2,2,0.0,2,2,0,2.0,2.0,2,2,0,2,2.0,NA,0,0,2,0.0,2,0,2,2.0,2,0,2,0,2,2,2,0,0,2,0,0,2,0,2,2,0,2,0,2,2,0,2,0,2,0,2.0,2,2,2,0,0,2,0,2,0
RSM_1_18.05,C,G,2,2,0,0,2,2,0,0,2,2,0,0,2,2,0,0,0,0,0,2,2,2,NA,NA,2.0,0,0,2,0,0,0,2,2.0,2,0.0,2,0,0,0,2,2,2,2,0,2,2,2,0,0,2,0,0,0,0,2.0,2,2,2,0,0,0,2.0,2,0.0,0,2,2,0,2,2,2,0,0,2,0,0,2.0,2,0.0,0,2,2,2,2.0,2,0,0,2,2,2,2,2,NA,0,0.0,0,0,0,0,0.0,0,0.0,0,0,2,2,0,2.0,0,2.0,NA,2,2,0,2,0.0,0.0,0,2,2,0.0,2,2,0,2.0,2.0,2,2,0,2,2.0,NA,0,0,2,0.0,2,0,2,2.0,2,0,2,0,2,2,2,0,0,2,0,0,2,0,2,2,0,2,0,2,2,0,2,0,2,0,2.0,2,2,2,0,0,2,0,2,0
RSM_1_18.15,A,G,2,2,0,0,2,2,0,0,2,2,0,0,2,2,0,0,0,0,0,2,2,2,NA,NA,2.0,0,0,2,0,0,0,2,2.0,2,0.0,2,0,0,0,2,2,2,2,0,2,2,2,0,0,2,0,0,0,0,2.0,2,2,2,0,0,0,2.0,2,0.0,0,2,2,0,2,2,2,0,0,2,0,0,2.0,2,0.0,0,2,2,2,2.0,2,0,0,2,2,2,2,2,NA,0,0.0,0,0,2,0,0.0,0,0.0,0,0,2,2,0,2.0,0,2.0,NA,2,2,0,2,0.0,0.0,0,2,2,0.0,2,2,0,2.0,2.0,2,2,0,2,2.0,NA,0,0,2,0.0,2,0,2,2.0,2,0,2,0,2,2,2,0,0,2,0,0,2,0,2,2,0,2,0,2,2,0,2,0,2,0,2.0,2,2,2,0,0,2,0,2,0
RSM_1_18.25,G,T,2,2,0,0,2,2,0,0,2,2,0,0,2,2,0,0,0,0,0,2,2,2,NA,NA,2.0,0,0,2,0,0,0,2,2.0,2,0.0,2,0,0,0,2,2,2,2,0,2,2,2,0,0,2,0,0,0,0,2.0,2,2,2,0,0,0,2.0,2,0.0,0,2,2,0,2,2,2,0,0,2,0,0,2.0,2,0.0,0,2,2,2,2.0,2,0,0,2,2,2,2,2,NA,0,0.0,0,0,2,0,0.0,0,0.0,0,0,2,2,0,2.0,0,2.0,NA,2,2,0,2,0.0,0.0,0,2,2,0.0,0,2,0,2.0,2.0,2,2,0,2,2.0,NA,0,0,2,0.0,2,0,2,2.0,2,0,2,0,2,2,2,0,0,2,0,0,2,0,2,2,0,2,0,2,2,0,2,0,2,0,2.0,2,2,2,0,0,2,0,2,0
RSM_1_18.35,G,C,2,2,0,0,2,2,0,0,2,2,0,0,2,2,0,0,0,0,0,2,2,2,NA,NA,2.0,0,0,2,0,0,0,2,2.0,2,0.0,2,0,0,0,2,2,2,2,0,2,2,2,0,0,2,0,0,0,0,2.0,2,2,2,0,0,0,2.0,2,0.0,0,2,2,0,2,2,2,0,0,2,0,0,2.0,2,0.0,0,2,2,2,2.0,2,0,0,2,2,2,2,2,NA,0,0.0,0,0,2,0,0.0,0,0.0,0,0,2,2,0,2.0,0,2.0,NA,2,2,0,2,0.0,0.0,0,2,2,0.0,0,2,0,2.0,2.0,2,2,0,2,2.0,NA,0,0,2,0.0,2,0,2,2.0,2,0,2,0,2,2,2,0,0,2,0,0,2,0,2,2,0,2,0,2,2,0,2,0,2,0,2.0,2,2,2,0,0,2,0,2,0
RSM_1_18.45,G,A,2,2,0,0,2,2,0,0,2,2,0,0,2,2,0,0,0,0,0,2,2,2,NA,NA,2.0,0,0,2,0,0,0,2,2.0,2,0.0,2,0,0,0,2,2,2,2,0,2,2,2,0,0,2,0,0,0,0,2.0,2,2,2,0,0,0,2.0,2,2.0,0,2,2,0,2,2,2,0,0,2,0,0,2.0,2,0.0,0,2,2,2,2.0,2,0,0,2,2,2,2,2,NA,0,0.0,0,0,2,0,0.0,0,0.0,0,0,2,2,0,2.0,0,2.0,NA,2,2,0,2,0.0,0.0,0,2,2,0.0,0,2,0,2.0,2.0,2,2,0,2,2.0,NA,0,0,2,0.0,2,0,2,2.0,2,0,2,0,2,2,2,0,0,2,0,0,2,0,2,2,0,2,0,2,2,0,2,0,2,0,2.0,2,2,2,0,0,2,0,2,0
RSM_1_18.55,T,C,2,2,0,0,2,2,0,0,2,2,0,0,2,2,0,0,0,0,0,2,2,2,NA,NA,2.0,0,0,2,0,0,0,2,2.0,2,0.0,2,0,0,0,2,2,2,2,0,2,2,2,0,0,2,0,0,0,0,2.0,2,2,2,0,0,0,2.0,2,2.0,0,2,2,0,2,0,2,0,0,2,0,0,2.0,2,0.0,0,2,2,2,2.0,2,0,0,2,2,2,2,2,NA,0,0.0,0,0,2,0,0.0,0,0.0,0,0,2,2,0,2.0,0,2.0,NA,2,2,0,2,0.0,0.0,0,2,2,0.0,0,2,0,2.0,2.0,2,2,0,2,2.0,NA,0,0,2,0.0,2,0,2,2.0,2,0,2,0,2,2,2,0,0,2,0,0,2,0,2,2,0,2,0,2,2,0,2,0,2,0,2.0,2,2,2,0,0,2,0,2,0
RSM_1_18.65,G,T,2,2,0,0,2,2,0,0,2,2,0,0,2,2,0,0,0,0,0,2,2,2,NA,NA,2.0,0,0,2,0,0,0,2,2.0,2,0.0,2,0,0,0,2,2,2,2,0,2,2,2,0,0,2,0,0,0,0,2.0,2,2,2,0,0,0,2.0,2,2.0,0,2,2,0,2,0,2,0,0,2,0,0,2.0,2,0.0,0,2,2,2,2.0,2,0,0,2,2,2,2,2,NA,0,0.0,0,0,2,0,0.0,0,0.0,0,0,2,2,0,2.0,0,2.0,NA,2,2,0,2,0.0,0.0,0,2,2,0.0,0,2,0,2.0,2.0,2,2,0,2,2.0,NA,0,0,2,0.0,2,0,2,2.0,2,0,2,0,2,2,2,0,0,2,0,0,2,0,2,2,0,2,0,2,2,0,2,2,2,0,2.0,2,2,2,0,0,2,0,2,0
RSM_1_18.75,C,G,2,2,0,0,2,2,0,0,2,2,0,0,2,2,0,0,0,0,0,2,2,2,NA,NA,2.0,0,0,2,0,2,0,2,2.0,2,0.0,2,2,0,0,2,2,2,0,0,2,2,2,0,0,2,0,0,0,0,2.0,2,2,2,0,0,0,2.0,2,2.0,0,2,2,0,2,0,2,0,0,2,0,0,2.0,2,0.0,0,2,2,2,2.0,2,0,0,2,2,2,2,2,0.0,0,0.0,0,0,2,0,0.0,0,0.0,0,0,2,2,0,2.0,0,2.0,NA,2,2,0,2,0.0,0.0,0,2,2,0.0,0,2,0,2.0,2.0,2,2,0,2,2.0,NA,0,0,2,0.0,2,0,2,2.0,2,0,2,0,2,2,2,0,0,2,0,0,2,0,2,2,0,2,0,2,2,0,2,2,2,0,2.0,2,2,2,0,0,2,0,2,0
RSM_1_18.95,T,A,2,2,0,0,2,2,0,0,2,2,0,0,2,2,0,0,0,0,0,2,2,2,NA,NA,2.0,0,0,2,0,2,0,2,2.0,2,0.0,2,2,0,0,2,2,2,0,0,2,2,2,0,0,2,0,0,0,0,2.0,2,2,2,0,0,0,2.0,2,2.0,0,2,2,0,2,0,2,0,0,2,0,0,2.0,2,0.0,0,2,2,2,2.0,2,0,0,2,2,2,2,2,0.0,0,0.0,0,0,2,0,0.0,0,0.0,0,0,2,2,0,2.0,0,2.0,NA,2,2,0,2,0.0,0.0,0,2,2,0.0,0,2,0,2.0,2.0,2,2,0,2,2.0,NA,0,0,2,0.0,2,0,2,2.0,2,0,2,0,2,2,2,0,0,2,0,0,2,0,2,2,0,2,0,2,2,0,2,2,2,0,0.0,0,2,2,0,0,2,0,2,0
RSM_1_19.05,G,C,2,2,0,0,2,2,0,0,2,2,0,0,2,2,0,0,0,0,0,2,2,2,NA,NA,2.0,0,0,2,0,2,0,2,2.0,2,0.0,2,2,0,0,2,2,2,0,0,2,2,2,0,0,2,0,0,0,0,2.0,2,2,2,0,0,0,2.0,2,2.0,0,2,2,0,2,0,2,0,0,2,0,0,2.0,2,0.0,0,2,2,2,2.0,2,0,0,2,2,2,2,2,0.0,0,0.0,0,0,2,0,0.0,0,0.0,0,0,2,2,0,2.0,0,2.0,NA,2,2,0,2,0.0,0.0,0,2,2,0.0,0,2,0,2.0,2.0,2,2,0,2,2.0,NA,0,0,2,0.0,2,0,2,2.0,2,0,2,0,2,2,2,0,0,2,0,0,2,0,2,2,0,2,0,2,2,0,2,2,2,0,0.0,0,2,2,0,0,2,0,2,0
RSM_1_19.15,T,C,2,2,0,0,2,2,0,0,2,2,0,0,2,2,0,0,0,0,0,2,2,2,NA,NA,2.0,0,0,2,0,2,0,2,2.0,2,0.0,2,2,0,0,2,2,2,0,0,2,2,2,0,0,2,0,0,0,0,2.0,2,2,2,0,0,0,2.0,2,2.0,0,2,2,0,2,0,2,0,0,2,0,0,2.0,2,0.0,0,2,2,2,2.0,2,0,0,2,2,2,2,2,0.0,0,0.0,0,0,2,0,0.0,0,0.0,0,0,2,2,0,2.0,0,2.0,NA,2,2,0,2,0.0,0.0,0,2,2,0.0,0,2,0,2.0,2.0,2,2,0,2,2.0,NA,0,0,2,0.0,2,0,2,2.0,2,2,2,0,2,2,2,0,0,2,0,0,2,0,2,2,0,2,0,2,2,0,2,2,2,0,2.0,0,2,2,0,0,2,2,2,0
RSM_1_19.25,A,G,2,2,0,0,2,2,0,0,2,2,0,0,2,2,0,0,0,0,0,2,2,2,NA,NA,2.0,0,0,2,0,2,0,2,2.0,2,0.0,2,2,0,0,2,2,2,0,0,2,2,2,0,0,2,0,0,0,0,2.0,2,2,2,0,0,0,2.0,2,2.0,0,2,2,0,2,0,2,0,0,2,0,0,2.0,2,0.0,0,2,2,2,2.0,2,0,0,2,2,2,2,2,0.0,0,0.0,0,0,2,0,0.0,0,0.0,0,0,2,2,0,2.0,0,2.0,NA,2,2,0,2,0.0,0.0,0,2,2,0.0,0,2,0,2.0,2.0,2,2,0,2,2.0,NA,0,0,2,0.0,2,0,2,2.0,2,2,2,0,2,2,2,0,0,2,0,0,2,0,2,2,0,2,0,2,2,0,2,2,2,0,2.0,0,2,2,0,0,2,2,2,0
RSM_1_19.35,A,A,2,2,0,0,2,2,0,0,2,2,0,0,2,2,0,0,0,0,0,2,2,2,NA,NA,2.0,0,0,2,0,2,0,2,2.0,2,0.0,2,2,0,0,2,2,2,0,0,2,2,2,0,0,2,0,0,0,0,2.0,2,2,2,0,0,0,2.0,2,2.0,0,2,2,0,2,0,2,0,0,2,0,0,2.0,2,0.0,0,2,2,2,2.0,2,0,0,2,2,2,2,2,0.0,0,0.0,0,0,2,0,0.0,0,0.0,0,0,2,2,0,2.0,0,2.0,NA,2,2,0,2,0.0,0.0,0,2,2,0.0,0,2,0,2.0,2.0,2,2,0,2,2.0,NA,0,0,2,0.0,2,0,2,2.0,2,2,2,0,2,2,2,0,0,2,0,0,2,0,2,2,0,2,0,2,2,0,2,2,2,0,2.0,0,2,2,0,0,2,2,2,0
RSM_1_19.45,A,G,2,2,0,0,2,2,0,0,2,2,0,0,2,2,0,0,0,0,0,2,2,2,NA,NA,2.0,0,0,2,0,2,0,2,2.0,2,0.0,2,2,0,0,2,2,2,0,0,2,2,2,0,0,2,0,0,0,0,2.0,2,2,2,0,0,0,2.0,2,2.0,0,2,2,0,2,0,2,0,0,2,0,0,2.0,2,0.0,0,2,2,2,2.0,2,0,0,2,2,2,2,2,0.0,0,0.0,0,0,2,0,0.0,2,0.0,0,0,2,2,0,2.0,0,2.0,NA,2,2,0,2,0.0,0.0,0,2,2,0.0,0,2,0,2.0,2.0,2,2,0,2,NA,NA,0,0,2,0.0,2,0,2,2.0,2,2,2,0,2,2,2,0,0,2,0,0,2,0,2,2,0,2,0,2,2,0,2,2,2,0,2.0,0,2,2,0,0,2,2,2,0
RSM_1_19.55,C,C,2,2,0,0,2,2,0,0,2,2,0,0,2,2,0,0,0,0,0,2,2,2,NA,NA,2.0,0,0,2,0,2,0,2,2.0,2,0.0,2,2,0,0,2,2,2,0,0,2,2,2,0,0,2,0,0,0,0,2.0,2,2,2,0,0,0,2.0,2,2.0,0,2,2,0,2,0,2,0,0,2,0,0,2.0,2,0.0,0,2,2,2,2.0,2,0,0,2,2,2,2,2,0.0,0,0.0,0,0,2,0,0.0,2,0.0,0,0,2,2,0,2.0,0,2.0,NA,2,2,0,2,0.0,0.0,0,2,2,0.0,0,2,0,0.0,2.0,2,2,0,2,NA,NA,0,0,2,0.0,2,0,2,2.0,2,2,2,0,2,2,2,0,0,2,0,0,2,0,2,2,0,2,0,2,2,0,2,2,2,0,2.0,0,2,2,0,0,2,2,2,0
RSM_1_19.65,T,G,2,2,0,0,2,2,0,0,2,2,0,0,2,2,0,0,0,0,0,2,2,2,NA,NA,2.0,0,0,2,0,2,0,2,2.0,2,0.0,2,2,0,0,2,2,2,0,0,2,2,2,0,0,2,0,0,0,0,2.0,2,2,2,0,0,0,2.0,2,2.0,0,2,2,0,2,0,2,0,0,2,0,0,2.0,2,0.0,0,2,2,2,2.0,2,0,0,2,2,2,2,2,0.0,0,0.0,0,0,2,0,0.0,2,0.0,0,0,2,2,0,2.0,0,2.0,NA,2,2,0,2,0.0,0.0,0,0,2,0.0,0,2,0,0.0,2.0,2,2,0,2,NA,NA,0,0,2,0.0,2,0,2,2.0,2,2,2,0,2,2,2,0,0,2,0,0,2,0,2,2,0,2,0,2,2,0,2,2,2,0,2.0,0,2,2,0,0,2,0,2,0
RSM_1_19.75,G,A,2,2,0,0,2,2,0,0,2,2,0,0,2,2,0,0,0,0,0,2,2,2,NA,NA,2.0,0,0,2,0,2,0,2,2.0,2,0.0,2,2,0,0,2,2,2,0,0,2,2,2,0,0,2,0,0,0,0,2.0,2,2,2,0,0,0,2.0,2,2.0,0,2,2,0,2,0,2,0,0,2,0,0,2.0,2,0.0,0,2,2,2,2.0,2,0,0,2,2,2,2,2,0.0,0,0.0,0,0,2,0,0.0,2,0.0,0,0,2,2,0,2.0,0,2.0,NA,2,2,0,2,NA,0.0,0,0,2,0.0,0,2,0,0.0,2.0,2,2,0,2,NA,NA,0,0,2,0.0,2,0,2,2.0,2,2,2,0,2,2,2,0,0,2,0,0,2,0,2,2,0,2,0,2,2,0,2,2,2,0,2.0,0,2,2,0,0,2,0,2,0
RSM_1_19.85,T,G,2,2,0,0,2,2,0,0,2,2,0,0,2,2,0,0,0,0,0,2,2,2,NA,NA,2.0,0,0,2,0,2,0,0,2.0,2,0.0,2,2,0,0,2,2,2,0,0,2,2,2,0,0,2,0,0,0,0,2.0,2,2,2,0,0,0,2.0,2,2.0,0,2,2,0,2,0,2,0,0,2,0,0,2.0,2,0.0,0,2,2,2,2.0,2,0,0,2,2,2,2,2,0.0,0,0.0,0,0,2,0,0.0,2,0.0,0,0,2,2,0,2.0,0,2.0,NA,0,2,0,2,NA,0.0,0,0,2,0.0,0,2,0,0.0,2.0,2,2,0,2,NA,NA,0,0,2,0.0,2,0,2,2.0,2,2,2,0,2,2,2,0,0,2,0,0,2,0,2,2,0,2,0,2,2,0,2,2,2,0,2.0,0,2,2,0,0,2,0,2,0
RSM_1_19.95,G,A,2,2,0,0,2,2,0,0,2,2,0,0,2,2,0,0,0,0,0,2,2,2,NA,NA,2.0,0,0,2,0,2,0,0,2.0,2,0.0,2,2,0,0,2,2,2,0,0,2,2,2,0,0,2,0,0,2,0,2.0,2,2,2,0,0,0,2.0,2,2.0,0,2,2,0,2,0,2,0,0,2,0,0,2.0,2,0.0,0,2,2,2,2.0,2,0,0,2,2,2,2,2,0.0,0,0.0,0,0,2,0,0.0,2,0.0,2,0,2,2,0,2.0,0,2.0,NA,0,2,0,2,NA,2.0,0,0,2,0.0,0,2,0,0.0,2.0,2,2,0,2,NA,NA,0,0,2,0.0,2,0,2,2.0,2,2,2,0,2,2,2,0,0,2,0,0,2,0,2,2,0,2,0,2,2,0,2,2,2,0,2.0,0,2,2,0,0,2,0,2,0
RSM_1_20.05,G,A,2,2,0,0,2,2,0,0,2,2,0,0,2,2,0,0,0,0,0,2,2,2,NA,NA,2.0,0,0,2,0,2,0,0,2.0,2,0.0,2,2,0,0,2,2,2,0,0,2,2,2,0,0,2,0,0,2,0,2.0,2,2,2,0,0,0,2.0,2,2.0,0,2,2,0,2,0,2,0,0,2,0,0,2.0,2,0.0,0,2,2,2,2.0,2,0,0,2,2,2,2,2,0.0,0,0.0,0,0,2,0,0.0,2,0.0,2,0,2,2,0,2.0,0,2.0,NA,0,2,0,2,NA,2.0,0,0,2,0.0,0,2,0,0.0,2.0,2,2,0,2,NA,NA,0,0,2,0.0,2,0,2,2.0,2,2,2,0,2,2,2,0,0,2,0,0,2,0,2,2,0,2,0,2,2,0,2,2,2,0,2.0,0,2,2,0,0,2,0,2,0
RSM_1_20.15,G,C,2,2,0,0,2,2,0,0,2,2,0,0,2,2,0,0,0,0,0,2,2,2,NA,NA,2.0,0,0,2,0,2,0,0,2.0,2,0.0,2,2,0,0,2,2,2,0,0,2,2,2,0,0,2,0,0,2,0,2.0,2,2,2,0,0,0,2.0,2,2.0,0,2,2,0,2,0,2,0,0,2,0,0,2.0,2,0.0,0,2,2,2,2.0,2,0,0,2,2,2,2,2,0.0,0,0.0,0,0,2,0,0.0,2,0.0,2,0,2,2,0,2.0,0,2.0,NA,0,2,0,2,NA,2.0,0,0,2,0.0,0,2,0,0.0,2.0,2,2,0,2,NA,NA,0,0,2,0.0,2,0,2,2.0,2,2,2,0,2,2,2,0,0,2,0,0,2,0,2,2,0,2,0,2,2,0,2,2,2,0,2.0,0,2,2,0,0,2,0,2,0
RSM_1_20.25,G,T,2,2,0,0,2,2,0,0,2,2,0,0,2,2,0,0,0,0,0,2,2,2,NA,NA,2.0,0,0,2,0,2,0,0,2.0,2,0.0,2,2,0,0,2,2,2,0,0,2,2,2,0,0,2,0,0,2,0,2.0,2,2,2,0,0,0,2.0,2,2.0,0,2,2,0,2,0,2,0,0,2,0,0,2.0,2,0.0,0,2,2,2,2.0,2,0,0,2,2,2,2,2,0.0,0,0.0,0,0,2,0,0.0,2,0.0,2,0,2,2,0,2.0,0,2.0,NA,0,2,0,2,NA,2.0,0,0,2,0.0,0,2,0,0.0,2.0,2,2,0,2,NA,NA,0,0,2,0.0,2,0,2,2.0,2,2,2,0,2,2,2,0,0,2,0,0,2,0,2,2,0,2,0,2,2,0,2,2,2,0,2.0,0,2,2,0,0,2,0,2,0
RSM_1_20.35,C,T,2,2,0,0,2,2,0,0,2,2,0,0,2,2,0,0,0,0,0,2,2,2,NA,NA,2.0,0,0,2,0,2,0,0,2.0,2,0.0,2,2,0,0,2,2,2,0,0,2,2,2,0,0,2,0,0,2,0,2.0,2,2,2,0,0,0,2.0,2,2.0,0,2,2,0,2,0,2,0,0,2,0,0,2.0,2,0.0,0,2,2,2,2.0,2,0,0,2,2,2,2,2,0.0,0,0.0,0,0,2,0,0.0,2,0.0,2,0,2,2,0,0.0,0,2.0,NA,0,2,0,2,NA,2.0,0,0,2,0.0,0,2,0,0.0,2.0,2,2,0,2,NA,NA,0,0,2,0.0,2,0,2,2.0,2,2,2,0,2,2,2,0,0,2,0,0,2,0,2,2,0,2,0,2,2,0,2,2,2,0,2.0,0,2,2,0,0,2,0,2,0
RSM_1_20.45,A,T,2,2,0,0,2,2,0,0,2,2,0,0,2,2,0,0,0,0,0,2,2,2,NA,NA,2.0,0,0,2,0,2,0,0,2.0,2,0.0,2,2,0,0,2,2,2,0,0,2,2,2,0,0,2,0,0,2,0,2.0,2,2,2,0,0,0,2.0,2,2.0,0,2,2,0,2,0,2,0,0,2,0,0,2.0,2,0.0,0,2,2,2,2.0,2,0,0,2,2,2,2,2,0.0,0,0.0,0,0,2,0,0.0,2,0.0,2,0,2,2,0,0.0,0,2.0,0.0,2,2,0,2,NA,2.0,0,0,2,0.0,2,2,0,0.0,2.0,2,2,0,2,NA,NA,0,0,2,0.0,2,0,2,2.0,2,2,2,0,2,2,2,0,0,2,0,0,2,0,2,2,0,2,0,2,2,0,2,2,2,0,2.0,0,2,2,0,0,2,0,2,0
RSM_1_20.55,G,A,2,2,0,0,2,2,0,0,2,2,0,0,2,2,0,0,0,0,0,2,2,2,NA,NA,2.0,0,0,2,0,2,0,0,2.0,2,NA,2,2,0,0,2,2,2,0,0,2,2,2,0,0,2,0,0,2,0,2.0,2,2,2,0,0,0,2.0,2,2.0,0,2,2,0,2,0,2,0,0,2,0,0,2.0,2,0.0,0,2,2,2,2.0,2,0,0,2,2,2,2,2,0.0,0,0.0,0,0,2,0,0.0,2,0.0,2,0,2,2,0,0.0,0,2.0,0.0,2,2,0,2,NA,2.0,0,0,2,0.0,2,2,0,0.0,2.0,2,2,0,2,NA,NA,0,0,2,0.0,2,0,2,2.0,2,2,2,0,2,2,2,0,0,2,0,0,2,0,2,2,0,2,0,2,2,0,2,2,2,0,2.0,0,2,2,0,0,2,0,2,0
RSM_1_20.65,T,G,2,2,0,0,2,2,0,0,2,2,0,0,2,2,0,0,0,0,0,2,2,2,NA,NA,2.0,0,0,2,0,2,0,0,2.0,2,NA,2,2,0,0,2,2,2,0,0,2,2,2,0,0,2,0,0,2,0,2.0,2,2,2,0,0,0,2.0,2,2.0,0,2,2,0,2,0,2,0,0,2,0,0,2.0,2,0.0,0,2,2,2,2.0,2,0,0,2,2,2,2,2,0.0,0,0.0,0,0,2,0,0.0,0,0.0,2,0,2,2,0,0.0,0,2.0,0.0,2,2,0,2,NA,2.0,0,0,2,0.0,2,2,0,0.0,2.0,2,2,0,2,NA,NA,0,0,2,0.0,2,0,2,2.0,2,2,2,0,2,2,2,2,0,2,0,0,2,0,2,2,0,2,0,2,2,0,2,2,2,0,2.0,0,2,2,0,0,2,0,2,0
RSM_1_20.75,G,A,2,2,0,0,2,2,0,0,2,2,0,0,2,2,0,0,0,0,0,2,2,2,NA,NA,2.0,0,0,2,0,2,0,0,2.0,2,NA,2,2,0,0,2,2,2,0,0,2,2,2,0,0,2,0,0,2,0,2.0,2,2,2,0,0,0,2.0,2,2.0,0,2,2,0,2,0,2,0,0,2,0,0,2.0,2,0.0,0,2,2,2,2.0,2,0,2,2,2,2,2,2,0.0,0,0.0,0,0,2,0,0.0,0,0.0,2,0,2,2,0,0.0,0,2.0,0.0,2,2,0,2,NA,2.0,0,0,2,0.0,2,2,0,0.0,2.0,2,2,0,2,NA,NA,0,0,2,0.0,2,0,2,2.0,2,2,2,0,2,2,2,2,0,2,0,0,2,0,2,2,0,2,0,2,2,0,2,2,2,0,2.0,0,2,2,0,0,2,0,2,0
RSM_1_20.85,T,T,2,2,0,0,2,2,0,0,2,2,0,0,2,2,0,0,0,0,0,2,2,2,NA,NA,2.0,0,0,2,0,2,0,0,2.0,2,NA,2,2,0,0,2,2,2,0,0,2,2,2,0,0,2,0,0,2,0,2.0,2,2,2,0,0,0,2.0,2,2.0,0,2,0,0,2,0,2,0,0,2,0,0,2.0,2,0.0,2,2,2,2,2.0,2,0,2,2,2,2,2,2,0.0,0,0.0,0,0,2,0,0.0,0,0.0,2,0,2,2,0,0.0,0,2.0,0.0,2,2,0,2,NA,2.0,0,0,2,0.0,2,2,0,0.0,2.0,2,2,0,2,NA,NA,0,0,2,0.0,2,0,2,2.0,2,2,2,0,2,2,2,0,0,2,0,0,2,0,2,2,0,2,0,2,2,0,2,2,2,0,2.0,0,2,2,0,0,2,0,2,0
RSM_1_20.95,G,G,2,2,0,0,2,2,0,0,2,2,0,0,2,2,0,0,0,0,0,2,2,2,NA,NA,2.0,0,0,2,0,2,0,0,2.0,2,NA,2,2,0,0,2,2,2,0,0,2,2,2,0,0,2,0,0,2,0,2.0,2,2,2,0,0,0,2.0,2,2.0,0,2,0,0,2,0,2,0,0,2,0,0,2.0,2,0.0,2,2,2,2,2.0,2,0,2,2,2,2,2,2,0.0,0,0.0,0,0,2,0,0.0,0,0.0,2,0,2,2,0,0.0,0,2.0,0.0,2,2,0,2,NA,2.0,0,0,2,0.0,2,2,0,0.0,2.0,2,2,0,2,NA,NA,0,0,2,0.0,2,0,2,2.0,2,2,2,0,2,2,2,0,0,2,0,0,2,0,2,2,0,2,0,2,2,0,2,2,2,0,2.0,0,2,2,0,0,2,0,2,0
RSM_1_21.05,G,G,2,2,0,0,2,2,0,0,2,2,0,0,2,2,0,0,0,0,0,2,2,2,NA,NA,2.0,0,0,2,0,2,0,0,2.0,2,NA,2,2,0,0,2,2,2,0,0,2,2,2,0,0,0,0,0,2,0,2.0,2,2,2,0,0,0,2.0,2,2.0,0,2,0,0,2,0,2,0,0,2,0,0,2.0,2,0.0,2,2,2,2,2.0,2,0,2,2,2,2,2,2,0.0,0,0.0,0,0,2,0,0.0,0,0.0,2,0,2,2,0,0.0,0,2.0,0.0,2,2,0,2,NA,2.0,0,0,2,0.0,2,2,0,0.0,2.0,2,2,0,2,NA,NA,0,0,2,0.0,2,0,2,2.0,2,2,2,0,2,2,2,0,0,2,0,0,2,0,2,2,0,2,0,2,2,0,2,2,2,0,2.0,0,2,2,0,0,2,0,2,0
RSM_1_21.15,G,A,2,2,0,0,2,2,0,0,2,2,0,0,2,2,0,0,0,0,0,2,2,2,NA,NA,2.0,0,0,2,0,2,0,0,2.0,2,NA,2,2,0,0,2,2,2,0,0,2,2,2,0,0,0,0,0,2,0,2.0,2,2,2,0,0,0,2.0,2,2.0,0,2,0,0,2,0,2,0,0,2,0,0,2.0,2,0.0,2,2,2,2,2.0,2,0,2,2,2,2,2,2,0.0,0,0.0,0,0,2,0,0.0,0,0.0,2,0,2,2,0,0.0,0,2.0,0.0,2,2,0,2,NA,2.0,0,0,2,0.0,2,2,0,0.0,2.0,2,2,0,2,NA,NA,0,0,2,0.0,2,0,2,2.0,2,2,2,0,2,2,2,0,0,2,0,0,2,0,2,2,0,2,0,2,2,0,2,2,2,0,2.0,0,2,2,0,0,2,0,2,0
RSM_1_21.25,T,A,2,2,0,0,2,2,0,0,2,2,0,0,2,2,0,0,0,0,0,2,2,2,NA,NA,2.0,0,0,2,0,2,0,0,2.0,2,NA,2,2,0,0,2,2,2,0,0,2,2,2,0,0,0,0,0,2,0,2.0,2,2,2,0,0,0,2.0,2,2.0,0,2,0,0,2,0,2,0,0,2,0,0,2.0,2,0.0,2,2,2,2,2.0,2,0,2,2,2,2,2,2,0.0,0,0.0,0,0,2,0,0.0,0,0.0,2,0,2,2,0,0.0,0,2.0,0.0,2,2,0,2,NA,2.0,0,0,2,0.0,2,2,0,0.0,2.0,2,2,0,2,NA,NA,0,0,2,0.0,2,0,2,2.0,2,2,2,0,2,2,2,0,0,2,0,0,2,0,2,2,0,2,0,2,2,0,2,2,2,0,2.0,0,2,2,0,0,2,0,2,0
RSM_1_21.35,G,T,2,2,0,0,2,2,0,0,2,2,0,0,2,2,0,0,0,0,0,2,2,2,NA,NA,2.0,0,0,2,0,2,0,0,2.0,2,NA,2,2,0,0,2,2,2,0,0,2,2,2,0,0,0,0,0,2,0,2.0,2,2,2,0,0,0,2.0,2,2.0,0,2,0,0,2,0,2,0,0,2,0,0,2.0,2,0.0,2,2,2,2,2.0,2,0,2,2,2,2,2,2,0.0,0,0.0,0,0,2,0,0.0,2,0.0,2,0,2,2,0,0.0,0,2.0,0.0,2,2,0,2,NA,2.0,0,0,2,0.0,2,2,0,0.0,2.0,2,2,0,2,NA,NA,0,0,2,0.0,2,0,2,2.0,2,2,2,0,2,2,2,0,0,2,0,0,2,0,2,2,0,2,0,2,2,0,2,2,2,0,2.0,0,2,2,0,0,2,0,2,0
RSM_1_21.45,T,A,2,2,0,0,2,2,0,0,2,2,0,0,2,2,0,0,0,0,0,2,2,2,NA,NA,2.0,0,0,2,0,2,0,0,2.0,2,NA,2,2,0,0,2,2,2,0,0,2,2,2,0,0,0,0,0,2,0,2.0,2,2,2,0,0,0,2.0,2,2.0,0,2,0,0,2,0,2,0,0,2,0,0,2.0,2,0.0,2,2,2,2,2.0,2,0,2,2,2,2,2,2,0.0,0,0.0,0,0,2,0,0.0,2,0.0,2,0,2,2,0,0.0,0,NA,0.0,2,2,0,2,NA,2.0,0,0,2,0.0,2,2,0,0.0,2.0,2,2,0,2,NA,NA,0,0,2,0.0,2,0,2,2.0,2,2,2,0,2,2,2,0,0,2,0,0,2,0,2,2,0,2,0,2,2,0,2,2,2,0,2.0,0,2,2,0,0,2,0,2,0
RSM_1_21.55,A,T,2,2,0,0,2,2,0,0,2,2,0,0,2,2,0,0,0,0,0,2,2,2,NA,NA,2.0,0,0,2,0,2,0,0,2.0,2,NA,2,2,0,0,2,2,2,0,0,2,2,2,0,0,0,0,0,2,0,2.0,2,2,2,0,0,0,2.0,2,2.0,0,2,0,0,2,0,2,0,0,2,0,0,2.0,2,0.0,2,2,2,2,2.0,2,0,2,2,2,2,2,2,0.0,0,0.0,0,0,2,0,0.0,2,0.0,2,0,2,2,0,0.0,0,NA,0.0,2,2,0,2,NA,2.0,0,0,2,0.0,2,2,0,0.0,2.0,2,2,0,2,NA,NA,0,0,2,0.0,2,0,2,2.0,2,2,2,0,2,2,2,0,0,2,0,0,2,0,2,2,0,2,0,2,2,0,2,2,2,0,2.0,0,2,2,0,0,2,0,2,0
RSM_1_21.65,A,G,2,2,0,0,2,2,0,0,2,2,0,0,2,2,0,0,0,0,0,2,2,2,NA,NA,2.0,0,0,2,0,2,0,0,2.0,2,NA,2,2,0,0,2,2,2,0,0,2,2,2,0,0,0,0,0,2,0,2.0,2,2,2,0,0,0,2.0,2,2.0,0,2,0,0,2,0,2,0,0,2,0,0,2.0,2,0.0,2,2,2,2,2.0,2,0,2,2,2,2,2,2,0.0,0,0.0,0,0,2,0,0.0,2,0.0,2,0,2,2,0,0.0,0,NA,0.0,2,2,0,2,NA,2.0,0,0,2,0.0,2,2,0,0.0,2.0,2,2,0,2,NA,NA,0,0,2,0.0,2,0,2,2.0,2,2,2,0,2,2,2,0,0,2,0,0,2,0,2,2,0,2,0,2,2,0,2,2,2,0,2.0,0,2,2,0,0,2,0,2,0
RSM_1_21.75,C,G,2,2,0,0,2,2,0,0,2,2,0,0,2,2,0,0,0,0,0,2,2,2,NA,NA,2.0,0,0,2,0,2,0,0,2.0,2,NA,2,2,0,0,2,2,2,0,2,2,2,2,0,0,0,0,0,2,0,2.0,2,2,2,0,0,0,2.0,2,2.0,0,2,0,0,2,0,2,0,0,2,0,0,2.0,2,0.0,2,2,2,2,2.0,2,0,2,2,2,2,2,2,0.0,0,0.0,0,0,2,0,0.0,2,0.0,2,0,2,2,0,0.0,0,NA,0.0,2,2,0,2,NA,2.0,0,0,2,0.0,2,2,0,0.0,2.0,2,2,0,2,NA,NA,0,0,2,0.0,2,0,2,2.0,2,2,2,0,2,2,2,0,0,2,0,0,2,0,2,2,0,2,0,2,2,0,2,2,2,0,2.0,0,2,2,0,0,2,0,2,0
RSM_1_21.85,G,T,2,2,0,0,2,2,0,0,2,2,0,0,2,2,0,0,0,0,0,2,2,2,NA,NA,2.0,0,0,2,0,2,0,0,2.0,2,NA,2,2,0,0,2,2,2,0,2,2,2,2,0,0,0,0,0,2,0,2.0,2,2,2,0,0,0,2.0,2,2.0,0,2,0,0,2,0,2,0,0,2,0,0,2.0,2,0.0,2,2,2,2,2.0,2,0,2,2,2,2,2,2,0.0,0,0.0,0,0,2,0,0.0,2,0.0,2,0,2,2,0,0.0,0,NA,0.0,2,2,0,2,NA,2.0,0,0,2,0.0,2,2,0,0.0,2.0,2,2,0,2,NA,NA,0,0,2,0.0,2,0,2,2.0,2,2,2,0,2,2,2,0,0,2,0,0,2,0,2,2,0,2,0,2,2,0,2,2,2,0,2.0,0,2,2,0,0,2,0,2,0
RSM_1_21.95,A,G,2,2,0,0,2,2,0,0,2,2,0,0,2,2,0,0,0,0,0,2,2,2,NA,NA,2.0,0,0,2,0,0,0,0,2.0,2,NA,2,2,0,0,2,2,2,0,2,2,2,2,0,0,0,0,0,2,0,2.0,2,2,2,0,0,0,2.0,2,2.0,0,2,0,0,2,0,2,0,0,2,0,0,2.0,2,0.0,2,2,2,2,2.0,2,0,2,2,2,2,2,2,0.0,0,0.0,0,0,2,0,0.0,2,0.0,2,0,2,2,0,0.0,0,NA,0.0,2,2,0,2,NA,2.0,0,0,2,0.0,2,2,0,0.0,2.0,2,2,0,2,0.0,NA,0,0,2,0.0,2,0,2,2.0,2,2,2,0,2,2,2,0,0,2,0,0,2,0,2,2,0,2,0,2,2,0,2,2,2,0,2.0,0,2,2,0,0,2,0,2,0
RSM_1_22.05,T,A,2,2,0,0,2,2,0,0,2,2,0,0,2,2,0,0,0,0,0,2,2,2,NA,NA,2.0,0,0,2,0,0,0,0,2.0,2,NA,2,2,0,0,2,2,2,0,2,2,2,2,0,0,0,0,0,2,0,2.0,2,2,2,0,0,0,2.0,2,2.0,0,2,0,0,2,0,2,0,0,2,0,0,2.0,2,0.0,2,2,2,2,2.0,2,0,2,2,2,2,2,2,0.0,0,0.0,0,0,2,0,0.0,2,0.0,2,0,2,2,0,0.0,0,NA,0.0,2,2,0,2,NA,2.0,0,0,2,0.0,2,2,0,0.0,2.0,2,2,0,2,0.0,NA,0,0,2,0.0,2,0,2,2.0,2,2,2,0,2,2,2,0,0,2,0,0,2,0,2,2,0,2,0,2,2,0,2,2,2,0,2.0,0,2,2,0,0,2,0,2,0
RSM_1_22.15,A,G,2,2,0,0,2,2,0,0,2,2,0,0,2,2,0,0,0,0,0,2,2,2,NA,NA,2.0,0,0,2,0,0,0,0,2.0,2,NA,2,2,0,0,2,2,2,0,2,2,2,2,0,0,0,0,0,2,0,2.0,2,2,2,0,0,0,2.0,2,2.0,0,2,0,0,2,0,2,0,0,2,0,0,2.0,2,0.0,2,2,2,2,2.0,2,0,2,2,2,2,2,2,0.0,0,0.0,0,0,2,0,0.0,2,0.0,2,0,2,2,0,0.0,0,NA,0.0,2,2,0,2,NA,2.0,0,0,2,0.0,2,2,0,0.0,2.0,2,2,0,2,0.0,NA,0,0,2,0.0,2,0,2,2.0,2,2,2,0,2,2,2,0,0,2,0,0,2,0,2,2,0,2,0,2,2,0,2,0,2,0,2.0,0,2,2,0,0,2,0,2,0
RSM_1_22.25,C,T,2,2,0,0,2,2,0,0,2,2,0,0,2,2,0,0,0,0,0,2,2,2,NA,NA,2.0,0,0,2,0,0,0,0,2.0,2,NA,2,2,0,0,2,2,2,0,2,2,2,2,0,0,0,0,0,2,0,2.0,2,2,2,0,0,0,2.0,2,2.0,0,2,0,0,2,0,2,0,0,2,0,0,2.0,2,0.0,2,2,2,2,2.0,2,0,2,2,2,2,2,2,0.0,0,0.0,0,0,2,0,0.0,2,0.0,2,0,2,2,0,0.0,0,NA,0.0,2,2,0,2,NA,2.0,0,0,2,0.0,2,2,0,0.0,2.0,2,2,0,2,0.0,NA,0,0,2,0.0,2,0,2,2.0,2,2,2,0,2,2,2,0,0,2,0,0,2,0,2,2,0,2,0,2,2,0,2,0,2,0,2.0,0,2,2,0,0,2,0,2,0
RSM_1_22.35,A,C,2,2,0,0,2,2,0,0,2,2,0,0,2,2,0,0,0,0,0,2,2,2,NA,NA,2.0,0,0,2,0,0,0,0,2.0,2,NA,2,2,0,0,2,2,2,0,2,2,2,2,0,0,0,0,0,2,0,2.0,2,2,2,0,0,0,2.0,2,2.0,0,2,0,0,2,0,2,0,0,2,0,0,2.0,2,0.0,2,2,2,2,2.0,2,0,2,2,2,2,2,2,0.0,0,0.0,0,0,2,0,0.0,2,0.0,2,2,2,2,0,0.0,0,NA,0.0,2,2,0,2,NA,2.0,0,0,2,0.0,2,2,0,0.0,0.0,2,2,0,2,0.0,NA,0,0,2,0.0,2,0,2,2.0,2,2,2,0,2,2,2,0,0,2,0,0,2,0,2,2,0,2,0,2,2,0,2,0,2,0,2.0,0,2,2,0,0,2,0,2,0
RSM_1_22.45,C,A,2,2,0,0,2,2,0,0,2,2,0,0,2,2,0,0,0,0,0,2,2,2,NA,NA,2.0,0,0,2,0,0,0,0,2.0,2,NA,2,2,0,0,2,2,2,0,2,2,2,2,0,0,0,0,0,2,0,2.0,2,2,2,0,0,0,2.0,2,2.0,0,2,0,0,2,0,2,0,0,2,0,0,2.0,2,0.0,2,2,2,2,2.0,2,0,2,2,2,2,2,2,0.0,0,0.0,0,0,2,0,0.0,2,0.0,2,2,2,2,0,0.0,0,NA,0.0,2,2,0,2,NA,2.0,0,0,2,0.0,2,2,0,0.0,0.0,2,2,0,2,0.0,NA,0,0,2,0.0,2,0,2,2.0,2,2,2,0,2,2,2,0,0,2,0,0,2,0,2,2,0,2,0,2,2,0,2,0,2,0,2.0,0,2,2,0,0,2,0,2,0
RSM_1_22.55,G,A,2,2,0,0,2,2,0,0,2,2,0,0,2,2,0,0,0,0,0,2,2,2,NA,NA,2.0,0,0,2,0,0,0,0,2.0,2,NA,2,2,0,0,2,2,2,0,2,2,2,2,0,0,0,0,0,2,0,2.0,2,2,2,0,0,0,2.0,2,2.0,0,2,0,0,2,0,2,0,0,2,0,0,2.0,2,0.0,2,2,2,2,2.0,2,0,2,2,2,2,2,2,0.0,0,0.0,0,0,2,0,0.0,2,0.0,2,2,2,2,0,0.0,0,NA,0.0,2,2,0,2,NA,2.0,0,0,2,0.0,2,2,0,0.0,0.0,2,2,0,2,0.0,NA,0,0,2,0.0,2,0,2,2.0,2,2,2,0,2,2,2,0,0,2,0,0,2,0,2,2,0,2,0,2,2,0,2,0,2,0,2.0,0,2,2,0,0,2,0,2,0
RSM_1_22.65,T,C,2,2,0,0,2,2,0,0,2,2,0,0,2,2,0,0,0,0,0,2,2,2,NA,NA,2.0,0,0,2,0,0,0,0,2.0,2,NA,2,2,0,0,2,2,2,0,2,2,2,2,0,0,0,0,0,2,0,2.0,0,2,2,0,0,0,2.0,2,2.0,0,2,0,0,2,0,2,0,0,2,0,0,2.0,2,0.0,2,2,2,2,2.0,2,0,2,2,2,2,2,2,0.0,0,0.0,0,0,2,0,0.0,2,0.0,2,2,2,2,0,0.0,0,NA,0.0,2,2,0,2,NA,2.0,0,0,2,0.0,2,2,0,0.0,0.0,2,2,0,2,0.0,NA,0,0,2,0.0,2,0,2,2.0,2,2,2,0,2,2,2,0,0,2,0,0,2,0,2,2,0,2,0,2,2,0,2,0,2,0,2.0,0,2,2,0,0,2,0,2,0
